city,lat,lon,year,month,avg_rainfall
Agartala,23.83,91.28,2015,1,0.15
Agartala,23.83,91.28,2015,2,1.1
Agartala,23.83,91.28,2015,3,0.75
Agartala,23.83,91.28,2015,4,11.41
Agartala,23.83,91.28,2015,5,9.92
Agartala,23.83,91.28,2015,6,12.3
Agartala,23.83,91.28,2015,7,21.96
Agartala,23.83,91.28,2015,8,11.57
Agartala,23.83,91.28,2015,9,6.64
Agartala,23.83,91.28,2015,10,2.81
Agartala,23.83,91.28,2015,11,0.19
Agartala,23.83,91.28,2015,12,0.08
Agartala,23.83,91.28,2016,1,0.64
Agartala,23.83,91.28,2016,2,2.01
Agartala,23.83,91.28,2016,3,3.01
Agartala,23.83,91.28,2016,4,7.63
Agartala,23.83,91.28,2016,5,19.42
Agartala,23.83,91.28,2016,6,9.12
Agartala,23.83,91.28,2016,7,15.38
Agartala,23.83,91.28,2016,8,11.84
Agartala,23.83,91.28,2016,9,9.77
Agartala,23.83,91.28,2016,10,6.46
Agartala,23.83,91.28,2016,11,6.21
Agartala,23.83,91.28,2016,12,0.05
Agartala,23.83,91.28,2017,1,0.18
Agartala,23.83,91.28,2017,2,0.83
Agartala,23.83,91.28,2017,3,8.71
Agartala,23.83,91.28,2017,4,21.43
Agartala,23.83,91.28,2017,5,13.5
Agartala,23.83,91.28,2017,6,29.19
Agartala,23.83,91.28,2017,7,20.45
Agartala,23.83,91.28,2017,8,25.62
Agartala,23.83,91.28,2017,9,19.22
Agartala,23.83,91.28,2017,10,12.58
Agartala,23.83,91.28,2017,11,0.33
Agartala,23.83,91.28,2017,12,5.56
Agartala,23.83,91.28,2018,1,0.59
Agartala,23.83,91.28,2018,2,1.06
Agartala,23.83,91.28,2018,3,1.85
Agartala,23.83,91.28,2018,4,11.56
Agartala,23.83,91.28,2018,5,22.75
Agartala,23.83,91.28,2018,6,19.51
Agartala,23.83,91.28,2018,7,11.37
Agartala,23.83,91.28,2018,8,9.89
Agartala,23.83,91.28,2018,9,6.86
Agartala,23.83,91.28,2018,10,2.56
Agartala,23.83,91.28,2018,11,0.78
Agartala,23.83,91.28,2018,12,1.12
Agartala,23.83,91.28,2019,1,0.0
Agartala,23.83,91.28,2019,2,3.07
Agartala,23.83,91.28,2019,3,1.8
Agartala,23.83,91.28,2019,4,5.64
Agartala,23.83,91.28,2019,5,15.98
Agartala,23.83,91.28,2019,6,15.18
Agartala,23.83,91.28,2019,7,25.37
Agartala,23.83,91.28,2019,8,10.8
Agartala,23.83,91.28,2019,9,10.64
Agartala,23.83,91.28,2019,10,9.14
Agartala,23.83,91.28,2019,11,2.01
Agartala,23.83,91.28,2019,12,0.28
Agartala,23.83,91.28,2020,1,1.68
Agartala,23.83,91.28,2020,2,0.09
Agartala,23.83,91.28,2020,3,0.7
Agartala,23.83,91.28,2020,4,8.72
Agartala,23.83,91.28,2020,5,14.41
Agartala,23.83,91.28,2020,6,17.81
Agartala,23.83,91.28,2020,7,13.28
Agartala,23.83,91.28,2020,8,8.36
Agartala,23.83,91.28,2020,9,12.48
Agartala,23.83,91.28,2020,10,10.61
Agartala,23.83,91.28,2020,11,0.6
Agartala,23.83,91.28,2020,12,0.0
Agartala,23.83,91.28,2021,1,0.14
Agartala,23.83,91.28,2021,2,0.0
Agartala,23.83,91.28,2021,3,2.18
Agartala,23.83,91.28,2021,4,2.62
Agartala,23.83,91.28,2021,5,10.37
Agartala,23.83,91.28,2021,6,13.39
Agartala,23.83,91.28,2021,7,14.01
Agartala,23.83,91.28,2021,8,12.04
Agartala,23.83,91.28,2021,9,9.34
Agartala,23.83,91.28,2021,10,5.62
Agartala,23.83,91.28,2021,11,0.52
Agartala,23.83,91.28,2021,12,3.38
Agartala,23.83,91.28,2022,1,0.72
Agartala,23.83,91.28,2022,2,1.45
Agartala,23.83,91.28,2022,3,0.96
Agartala,23.83,91.28,2022,4,3.39
Agartala,23.83,91.28,2022,5,16.89
Agartala,23.83,91.28,2022,6,17.64
Agartala,23.83,91.28,2022,7,6.96
Agartala,23.83,91.28,2022,8,9.02
Agartala,23.83,91.28,2022,9,11.62
Agartala,23.83,91.28,2022,10,9.04
Agartala,23.83,91.28,2022,11,0.04
Agartala,23.83,91.28,2022,12,0.2
Agartala,23.83,91.28,2023,1,0.05
Agartala,23.83,91.28,2023,2,0.09
Agartala,23.83,91.28,2023,3,3.97
Agartala,23.83,91.28,2023,4,3.96
Agartala,23.83,91.28,2023,5,6.44
Agartala,23.83,91.28,2023,6,18.02
Agartala,23.83,91.28,2023,7,9.72
Agartala,23.83,91.28,2023,8,14.81
Agartala,23.83,91.28,2023,9,9.34
Agartala,23.83,91.28,2023,10,6.9
Agartala,23.83,91.28,2023,11,4.11
Agartala,23.83,91.28,2023,12,1.63
Agartala,23.83,91.28,2024,1,0.14
Agartala,23.83,91.28,2024,2,1.49
Agartala,23.83,91.28,2024,3,3.72
Agartala,23.83,91.28,2024,4,2.95
Agartala,23.83,91.28,2024,5,16.04
Agartala,23.83,91.28,2024,6,20.85
Agartala,23.83,91.28,2024,7,10.32
Agartala,23.83,91.28,2024,8,22.92
Agartala,23.83,91.28,2024,9,9.22
Agartala,23.83,91.28,2024,10,15.89
Agartala,23.83,91.28,2024,11,0.86
Agartala,23.83,91.28,2024,12,0.06
Agartala,23.83,91.28,2025,1,0.02870967741935484
Agartala,23.83,91.28,2025,2,0.06321428571428571
Agartala,23.83,91.28,2025,3,0.33741935483870966
Agartala,23.83,91.28,2025,4,6.5889999999999995
Agartala,23.83,91.28,2025,5,18.35967741935484
Agartala,23.83,91.28,2025,6,13.555
Agartala,23.83,91.28,2025,7,15.514193548387096
Agartala,23.83,91.28,2025,8,13.23741935483871
Agartala,23.83,91.28,2025,9,11.399333333333335
Agartala,23.83,91.28,2025,10,6.396129032258065
Agartala,23.83,91.28,2025,11,1.1963333333333332
Agartala,23.83,91.28,2025,12,0.008064516129032258
Agartala,23.83,91.28,2026,1,0.0
Agartala,23.83,91.28,2026,2,0.010714285714285716
Agartala,23.83,91.28,2026,3,5.762903225806451
Agartala,23.83,91.28,2026,4,11.369666666666665
Agartala,23.83,91.28,2026,5,15.925161290322581
Agartala,23.83,91.28,2026,6,13.225333333333333
Agartala,23.83,91.28,2026,7,19.00548387096774
Agartala,23.83,91.28,2026,8,9.143
Aizawl,23.73,92.71,2015,1,0.15
Aizawl,23.73,92.71,2015,2,0.72
Aizawl,23.73,92.71,2015,3,1.03
Aizawl,23.73,92.71,2015,4,9.63
Aizawl,23.73,92.71,2015,5,7.8
Aizawl,23.73,92.71,2015,6,12.65
Aizawl,23.73,92.71,2015,7,25.13
Aizawl,23.73,92.71,2015,8,13.47
Aizawl,23.73,92.71,2015,9,9.02
Aizawl,23.73,92.71,2015,10,4.99
Aizawl,23.73,92.71,2015,11,0.27
Aizawl,23.73,92.71,2015,12,0.04
Aizawl,23.73,92.71,2016,1,0.07
Aizawl,23.73,92.71,2016,2,1.51
Aizawl,23.73,92.71,2016,3,3.0
Aizawl,23.73,92.71,2016,4,5.09
Aizawl,23.73,92.71,2016,5,13.98
Aizawl,23.73,92.71,2016,6,10.08
Aizawl,23.73,92.71,2016,7,14.14
Aizawl,23.73,92.71,2016,8,13.41
Aizawl,23.73,92.71,2016,9,12.13
Aizawl,23.73,92.71,2016,10,8.26
Aizawl,23.73,92.71,2016,11,5.83
Aizawl,23.73,92.71,2016,12,0.03
Aizawl,23.73,92.71,2017,1,0.08
Aizawl,23.73,92.71,2017,2,0.38
Aizawl,23.73,92.71,2017,3,6.53
Aizawl,23.73,92.71,2017,4,17.46
Aizawl,23.73,92.71,2017,5,10.8
Aizawl,23.73,92.71,2017,6,30.04
Aizawl,23.73,92.71,2017,7,26.31
Aizawl,23.73,92.71,2017,8,27.17
Aizawl,23.73,92.71,2017,9,16.84
Aizawl,23.73,92.71,2017,10,11.63
Aizawl,23.73,92.71,2017,11,0.28
Aizawl,23.73,92.71,2017,12,3.4
Aizawl,23.73,92.71,2018,1,0.46
Aizawl,23.73,92.71,2018,2,0.46
Aizawl,23.73,92.71,2018,3,1.11
Aizawl,23.73,92.71,2018,4,9.62
Aizawl,23.73,92.71,2018,5,14.02
Aizawl,23.73,92.71,2018,6,25.74
Aizawl,23.73,92.71,2018,7,13.73
Aizawl,23.73,92.71,2018,8,12.19
Aizawl,23.73,92.71,2018,9,9.7
Aizawl,23.73,92.71,2018,10,4.15
Aizawl,23.73,92.71,2018,11,0.52
Aizawl,23.73,92.71,2018,12,0.63
Aizawl,23.73,92.71,2019,1,0.0
Aizawl,23.73,92.71,2019,2,2.12
Aizawl,23.73,92.71,2019,3,2.5
Aizawl,23.73,92.71,2019,4,3.69
Aizawl,23.73,92.71,2019,5,11.18
Aizawl,23.73,92.71,2019,6,9.71
Aizawl,23.73,92.71,2019,7,35.28
Aizawl,23.73,92.71,2019,8,12.77
Aizawl,23.73,92.71,2019,9,10.73
Aizawl,23.73,92.71,2019,10,8.51
Aizawl,23.73,92.71,2019,11,3.75
Aizawl,23.73,92.71,2019,12,0.31
Aizawl,23.73,92.71,2020,1,2.29
Aizawl,23.73,92.71,2020,2,0.17
Aizawl,23.73,92.71,2020,3,0.36
Aizawl,23.73,92.71,2020,4,7.14
Aizawl,23.73,92.71,2020,5,11.68
Aizawl,23.73,92.71,2020,6,14.44
Aizawl,23.73,92.71,2020,7,12.91
Aizawl,23.73,92.71,2020,8,7.88
Aizawl,23.73,92.71,2020,9,11.03
Aizawl,23.73,92.71,2020,10,11.51
Aizawl,23.73,92.71,2020,11,1.39
Aizawl,23.73,92.71,2020,12,0.0
Aizawl,23.73,92.71,2021,1,0.1
Aizawl,23.73,92.71,2021,2,0.0
Aizawl,23.73,92.71,2021,3,0.92
Aizawl,23.73,92.71,2021,4,2.03
Aizawl,23.73,92.71,2021,5,8.06
Aizawl,23.73,92.71,2021,6,12.91
Aizawl,23.73,92.71,2021,7,13.77
Aizawl,23.73,92.71,2021,8,12.25
Aizawl,23.73,92.71,2021,9,9.68
Aizawl,23.73,92.71,2021,10,5.55
Aizawl,23.73,92.71,2021,11,1.09
Aizawl,23.73,92.71,2021,12,2.64
Aizawl,23.73,92.71,2022,1,0.64
Aizawl,23.73,92.71,2022,2,1.07
Aizawl,23.73,92.71,2022,3,0.71
Aizawl,23.73,92.71,2022,4,2.02
Aizawl,23.73,92.71,2022,5,12.99
Aizawl,23.73,92.71,2022,6,14.04
Aizawl,23.73,92.71,2022,7,9.28
Aizawl,23.73,92.71,2022,8,9.87
Aizawl,23.73,92.71,2022,9,11.55
Aizawl,23.73,92.71,2022,10,7.93
Aizawl,23.73,92.71,2022,11,0.04
Aizawl,23.73,92.71,2022,12,0.33
Aizawl,23.73,92.71,2023,1,0.0
Aizawl,23.73,92.71,2023,2,0.01
Aizawl,23.73,92.71,2023,3,4.41
Aizawl,23.73,92.71,2023,4,3.1
Aizawl,23.73,92.71,2023,5,3.89
Aizawl,23.73,92.71,2023,6,14.02
Aizawl,23.73,92.71,2023,7,6.36
Aizawl,23.73,92.71,2023,8,17.92
Aizawl,23.73,92.71,2023,9,11.31
Aizawl,23.73,92.71,2023,10,4.47
Aizawl,23.73,92.71,2023,11,3.68
Aizawl,23.73,92.71,2023,12,1.16
Aizawl,23.73,92.71,2024,1,0.11
Aizawl,23.73,92.71,2024,2,1.26
Aizawl,23.73,92.71,2024,3,3.69
Aizawl,23.73,92.71,2024,4,2.82
Aizawl,23.73,92.71,2024,5,16.74
Aizawl,23.73,92.71,2024,6,21.11
Aizawl,23.73,92.71,2024,7,13.02
Aizawl,23.73,92.71,2024,8,28.17
Aizawl,23.73,92.71,2024,9,11.98
Aizawl,23.73,92.71,2024,10,9.52
Aizawl,23.73,92.71,2024,11,0.72
Aizawl,23.73,92.71,2024,12,0.06
Aizawl,23.73,92.71,2025,1,0.013548387096774193
Aizawl,23.73,92.71,2025,2,0.052142857142857144
Aizawl,23.73,92.71,2025,3,0.3412903225806452
Aizawl,23.73,92.71,2025,4,5.62
Aizawl,23.73,92.71,2025,5,19.062903225806455
Aizawl,23.73,92.71,2025,6,15.567333333333332
Aizawl,23.73,92.71,2025,7,18.240322580645163
Aizawl,23.73,92.71,2025,8,13.716451612903226
Aizawl,23.73,92.71,2025,9,12.169
Aizawl,23.73,92.71,2025,10,7.374516129032258
Aizawl,23.73,92.71,2025,11,1.1803333333333332
Aizawl,23.73,92.71,2025,12,0.10870967741935485
Aizawl,23.73,92.71,2026,1,0.0
Aizawl,23.73,92.71,2026,2,0.010714285714285714
Aizawl,23.73,92.71,2026,3,3.678064516129032
Aizawl,23.73,92.71,2026,4,8.147
Aizawl,23.73,92.71,2026,5,12.171612903225807
Aizawl,23.73,92.71,2026,6,12.394333333333332
Aizawl,23.73,92.71,2026,7,19.468709677419355
Aizawl,23.73,92.71,2026,8,13.416666666666666
Gangtok,27.33,88.61,2015,1,0.24
Gangtok,27.33,88.61,2015,2,0.29
Gangtok,27.33,88.61,2015,3,1.06
Gangtok,27.33,88.61,2015,4,1.86
Gangtok,27.33,88.61,2015,5,2.8
Gangtok,27.33,88.61,2015,6,5.97
Gangtok,27.33,88.61,2015,7,5.29
Gangtok,27.33,88.61,2015,8,8.47
Gangtok,27.33,88.61,2015,9,4.57
Gangtok,27.33,88.61,2015,10,0.51
Gangtok,27.33,88.61,2015,11,0.04
Gangtok,27.33,88.61,2015,12,0.03
Gangtok,27.33,88.61,2016,1,0.27
Gangtok,27.33,88.61,2016,2,0.2
Gangtok,27.33,88.61,2016,3,2.25
Gangtok,27.33,88.61,2016,4,3.51
Gangtok,27.33,88.61,2016,5,6.31
Gangtok,27.33,88.61,2016,6,9.44
Gangtok,27.33,88.61,2016,7,13.37
Gangtok,27.33,88.61,2016,8,6.03
Gangtok,27.33,88.61,2016,9,8.77
Gangtok,27.33,88.61,2016,10,2.6
Gangtok,27.33,88.61,2016,11,0.0
Gangtok,27.33,88.61,2016,12,0.0
Gangtok,27.33,88.61,2017,1,0.14
Gangtok,27.33,88.61,2017,2,0.17
Gangtok,27.33,88.61,2017,3,2.67
Gangtok,27.33,88.61,2017,4,3.83
Gangtok,27.33,88.61,2017,5,5.95
Gangtok,27.33,88.61,2017,6,6.36
Gangtok,27.33,88.61,2017,7,9.94
Gangtok,27.33,88.61,2017,8,11.59
Gangtok,27.33,88.61,2017,9,5.52
Gangtok,27.33,88.61,2017,10,1.83
Gangtok,27.33,88.61,2017,11,0.13
Gangtok,27.33,88.61,2017,12,0.0
Gangtok,27.33,88.61,2018,1,0.02
Gangtok,27.33,88.61,2018,2,0.47
Gangtok,27.33,88.61,2018,3,1.92
Gangtok,27.33,88.61,2018,4,3.54
Gangtok,27.33,88.61,2018,5,5.85
Gangtok,27.33,88.61,2018,6,7.08
Gangtok,27.33,88.61,2018,7,10.28
Gangtok,27.33,88.61,2018,8,12.37
Gangtok,27.33,88.61,2018,9,6.72
Gangtok,27.33,88.61,2018,10,0.73
Gangtok,27.33,88.61,2018,11,0.16
Gangtok,27.33,88.61,2018,12,0.48
Gangtok,27.33,88.61,2019,1,0.07
Gangtok,27.33,88.61,2019,2,1.37
Gangtok,27.33,88.61,2019,3,1.69
Gangtok,27.33,88.61,2019,4,4.33
Gangtok,27.33,88.61,2019,5,5.43
Gangtok,27.33,88.61,2019,6,7.4
Gangtok,27.33,88.61,2019,7,14.44
Gangtok,27.33,88.61,2019,8,8.47
Gangtok,27.33,88.61,2019,9,7.96
Gangtok,27.33,88.61,2019,10,1.07
Gangtok,27.33,88.61,2019,11,0.06
Gangtok,27.33,88.61,2019,12,0.29
Gangtok,27.33,88.61,2020,1,0.7
Gangtok,27.33,88.61,2020,2,0.88
Gangtok,27.33,88.61,2020,3,2.59
Gangtok,27.33,88.61,2020,4,3.71
Gangtok,27.33,88.61,2020,5,5.45
Gangtok,27.33,88.61,2020,6,12.56
Gangtok,27.33,88.61,2020,7,18.57
Gangtok,27.33,88.61,2020,8,9.8
Gangtok,27.33,88.61,2020,9,12.73
Gangtok,27.33,88.61,2020,10,1.09
Gangtok,27.33,88.61,2020,11,0.02
Gangtok,27.33,88.61,2020,12,0.31
Gangtok,27.33,88.61,2021,1,0.25
Gangtok,27.33,88.61,2021,2,0.79
Gangtok,27.33,88.61,2021,3,1.64
Gangtok,27.33,88.61,2021,4,3.57
Gangtok,27.33,88.61,2021,5,6.74
Gangtok,27.33,88.61,2021,6,12.37
Gangtok,27.33,88.61,2021,7,13.09
Gangtok,27.33,88.61,2021,8,11.34
Gangtok,27.33,88.61,2021,9,6.57
Gangtok,27.33,88.61,2021,10,6.47
Gangtok,27.33,88.61,2021,11,0.13
Gangtok,27.33,88.61,2021,12,0.43
Gangtok,27.33,88.61,2022,1,0.25
Gangtok,27.33,88.61,2022,2,1.28
Gangtok,27.33,88.61,2022,3,1.13
Gangtok,27.33,88.61,2022,4,6.94
Gangtok,27.33,88.61,2022,5,6.82
Gangtok,27.33,88.61,2022,6,16.02
Gangtok,27.33,88.61,2022,7,9.17
Gangtok,27.33,88.61,2022,8,11.04
Gangtok,27.33,88.61,2022,9,7.7
Gangtok,27.33,88.61,2022,10,2.99
Gangtok,27.33,88.61,2022,11,0.08
Gangtok,27.33,88.61,2022,12,0.04
Gangtok,27.33,88.61,2023,1,0.01
Gangtok,27.33,88.61,2023,2,0.73
Gangtok,27.33,88.61,2023,3,3.9
Gangtok,27.33,88.61,2023,4,3.64
Gangtok,27.33,88.61,2023,5,4.26
Gangtok,27.33,88.61,2023,6,10.69
Gangtok,27.33,88.61,2023,7,11.66
Gangtok,27.33,88.61,2023,8,12.27
Gangtok,27.33,88.61,2023,9,5.12
Gangtok,27.33,88.61,2023,10,3.17
Gangtok,27.33,88.61,2023,11,0.05
Gangtok,27.33,88.61,2023,12,0.29
Gangtok,27.33,88.61,2024,1,0.14
Gangtok,27.33,88.61,2024,2,0.42
Gangtok,27.33,88.61,2024,3,2.67
Gangtok,27.33,88.61,2024,4,1.47
Gangtok,27.33,88.61,2024,5,4.87
Gangtok,27.33,88.61,2024,6,20.21
Gangtok,27.33,88.61,2024,7,14.94
Gangtok,27.33,88.61,2024,8,8.94
Gangtok,27.33,88.61,2024,9,17.31
Gangtok,27.33,88.61,2024,10,3.19
Gangtok,27.33,88.61,2024,11,0.06
Gangtok,27.33,88.61,2024,12,0.06
Gangtok,27.33,88.61,2025,1,0.20161290322580644
Gangtok,27.33,88.61,2025,2,0.7332142857142857
Gangtok,27.33,88.61,2025,3,1.3112903225806452
Gangtok,27.33,88.61,2025,4,4.296333333333334
Gangtok,27.33,88.61,2025,5,7.51516129032258
Gangtok,27.33,88.61,2025,6,7.533666666666666
Gangtok,27.33,88.61,2025,7,9.971290322580646
Gangtok,27.33,88.61,2025,8,9.515161290322581
Gangtok,27.33,88.61,2025,9,8.093666666666667
Gangtok,27.33,88.61,2025,10,4.840645161290323
Gangtok,27.33,88.61,2025,11,1.3173333333333335
Gangtok,27.33,88.61,2025,12,0.0003225806451612903
Gangtok,27.33,88.61,2026,1,0.01741935483870968
Gangtok,27.33,88.61,2026,2,0.44535714285714284
Gangtok,27.33,88.61,2026,3,4.453870967741936
Gangtok,27.33,88.61,2026,4,5.52
Gangtok,27.33,88.61,2026,5,7.217096774193548
Gangtok,27.33,88.61,2026,6,9.981333333333334
Gangtok,27.33,88.61,2026,7,9.356129032258066
Gangtok,27.33,88.61,2026,8,18.545666666666666
Guwahati,26.14,91.73,2015,1,0.29
Guwahati,26.14,91.73,2015,2,0.74
Guwahati,26.14,91.73,2015,3,0.89
Guwahati,26.14,91.73,2015,4,8.01
Guwahati,26.14,91.73,2015,5,10.97
Guwahati,26.14,91.73,2015,6,11.46
Guwahati,26.14,91.73,2015,7,9.49
Guwahati,26.14,91.73,2015,8,12.86
Guwahati,26.14,91.73,2015,9,9.84
Guwahati,26.14,91.73,2015,10,2.11
Guwahati,26.14,91.73,2015,11,0.25
Guwahati,26.14,91.73,2015,12,0.72
Guwahati,26.14,91.73,2016,1,0.66
Guwahati,26.14,91.73,2016,2,0.27
Guwahati,26.14,91.73,2016,3,2.28
Guwahati,26.14,91.73,2016,4,14.26
Guwahati,26.14,91.73,2016,5,11.92
Guwahati,26.14,91.73,2016,6,11.87
Guwahati,26.14,91.73,2016,7,18.56
Guwahati,26.14,91.73,2016,8,3.98
Guwahati,26.14,91.73,2016,9,5.87
Guwahati,26.14,91.73,2016,10,3.65
Guwahati,26.14,91.73,2016,11,0.28
Guwahati,26.14,91.73,2016,12,0.09
Guwahati,26.14,91.73,2017,1,0.01
Guwahati,26.14,91.73,2017,2,2.08
Guwahati,26.14,91.73,2017,3,4.54
Guwahati,26.14,91.73,2017,4,11.87
Guwahati,26.14,91.73,2017,5,7.61
Guwahati,26.14,91.73,2017,6,16.3
Guwahati,26.14,91.73,2017,7,13.98
Guwahati,26.14,91.73,2017,8,13.87
Guwahati,26.14,91.73,2017,9,9.14
Guwahati,26.14,91.73,2017,10,5.99
Guwahati,26.14,91.73,2017,11,0.31
Guwahati,26.14,91.73,2017,12,0.27
Guwahati,26.14,91.73,2018,1,0.08
Guwahati,26.14,91.73,2018,2,0.51
Guwahati,26.14,91.73,2018,3,2.04
Guwahati,26.14,91.73,2018,4,5.95
Guwahati,26.14,91.73,2018,5,9.15
Guwahati,26.14,91.73,2018,6,12.74
Guwahati,26.14,91.73,2018,7,9.99
Guwahati,26.14,91.73,2018,8,8.84
Guwahati,26.14,91.73,2018,9,8.43
Guwahati,26.14,91.73,2018,10,1.06
Guwahati,26.14,91.73,2018,11,0.38
Guwahati,26.14,91.73,2018,12,0.66
Guwahati,26.14,91.73,2019,1,0.02
Guwahati,26.14,91.73,2019,2,1.05
Guwahati,26.14,91.73,2019,3,1.49
Guwahati,26.14,91.73,2019,4,7.16
Guwahati,26.14,91.73,2019,5,13.65
Guwahati,26.14,91.73,2019,6,11.29
Guwahati,26.14,91.73,2019,7,17.8
Guwahati,26.14,91.73,2019,8,6.48
Guwahati,26.14,91.73,2019,9,11.56
Guwahati,26.14,91.73,2019,10,6.54
Guwahati,26.14,91.73,2019,11,0.44
Guwahati,26.14,91.73,2019,12,0.03
Guwahati,26.14,91.73,2020,1,0.6
Guwahati,26.14,91.73,2020,2,0.45
Guwahati,26.14,91.73,2020,3,0.6
Guwahati,26.14,91.73,2020,4,8.14
Guwahati,26.14,91.73,2020,5,17.88
Guwahati,26.14,91.73,2020,6,19.5
Guwahati,26.14,91.73,2020,7,15.66
Guwahati,26.14,91.73,2020,8,8.31
Guwahati,26.14,91.73,2020,9,14.13
Guwahati,26.14,91.73,2020,10,5.22
Guwahati,26.14,91.73,2020,11,0.09
Guwahati,26.14,91.73,2020,12,0.0
Guwahati,26.14,91.73,2021,1,0.09
Guwahati,26.14,91.73,2021,2,0.12
Guwahati,26.14,91.73,2021,3,1.69
Guwahati,26.14,91.73,2021,4,3.86
Guwahati,26.14,91.73,2021,5,8.26
Guwahati,26.14,91.73,2021,6,11.82
Guwahati,26.14,91.73,2021,7,9.85
Guwahati,26.14,91.73,2021,8,10.94
Guwahati,26.14,91.73,2021,9,4.92
Guwahati,26.14,91.73,2021,10,3.15
Guwahati,26.14,91.73,2021,11,0.0
Guwahati,26.14,91.73,2021,12,0.2
Guwahati,26.14,91.73,2022,1,0.7
Guwahati,26.14,91.73,2022,2,2.04
Guwahati,26.14,91.73,2022,3,1.71
Guwahati,26.14,91.73,2022,4,9.39
Guwahati,26.14,91.73,2022,5,14.74
Guwahati,26.14,91.73,2022,6,24.19
Guwahati,26.14,91.73,2022,7,6.76
Guwahati,26.14,91.73,2022,8,5.74
Guwahati,26.14,91.73,2022,9,5.11
Guwahati,26.14,91.73,2022,10,6.78
Guwahati,26.14,91.73,2022,11,0.01
Guwahati,26.14,91.73,2022,12,0.08
Guwahati,26.14,91.73,2023,1,0.0
Guwahati,26.14,91.73,2023,2,0.14
Guwahati,26.14,91.73,2023,3,3.5
Guwahati,26.14,91.73,2023,4,3.08
Guwahati,26.14,91.73,2023,5,4.75
Guwahati,26.14,91.73,2023,6,16.53
Guwahati,26.14,91.73,2023,7,8.72
Guwahati,26.14,91.73,2023,8,9.34
Guwahati,26.14,91.73,2023,9,4.77
Guwahati,26.14,91.73,2023,10,4.42
Guwahati,26.14,91.73,2023,11,0.3
Guwahati,26.14,91.73,2023,12,0.38
Guwahati,26.14,91.73,2024,1,0.09
Guwahati,26.14,91.73,2024,2,0.47
Guwahati,26.14,91.73,2024,3,3.5
Guwahati,26.14,91.73,2024,4,2.11
Guwahati,26.14,91.73,2024,5,12.56
Guwahati,26.14,91.73,2024,6,20.23
Guwahati,26.14,91.73,2024,7,11.29
Guwahati,26.14,91.73,2024,8,10.91
Guwahati,26.14,91.73,2024,9,4.67
Guwahati,26.14,91.73,2024,10,5.47
Guwahati,26.14,91.73,2024,11,0.05
Guwahati,26.14,91.73,2024,12,0.0
Guwahati,26.14,91.73,2025,1,0.10064516129032257
Guwahati,26.14,91.73,2025,2,0.11928571428571429
Guwahati,26.14,91.73,2025,3,0.6151612903225806
Guwahati,26.14,91.73,2025,4,5.908
Guwahati,26.14,91.73,2025,5,17.04774193548387
Guwahati,26.14,91.73,2025,6,7.680666666666667
Guwahati,26.14,91.73,2025,7,10.162903225806453
Guwahati,26.14,91.73,2025,8,10.920322580645163
Guwahati,26.14,91.73,2025,9,5.944999999999999
Guwahati,26.14,91.73,2025,10,3.5548387096774197
Guwahati,26.14,91.73,2025,11,0.7356666666666667
Guwahati,26.14,91.73,2025,12,0.005483870967741935
Guwahati,26.14,91.73,2026,1,0.0012903225806451613
Guwahati,26.14,91.73,2026,2,0.09285714285714285
Guwahati,26.14,91.73,2026,3,6.417419354838709
Guwahati,26.14,91.73,2026,4,8.774333333333335
Guwahati,26.14,91.73,2026,5,5.787096774193548
Guwahati,26.14,91.73,2026,6,8.421
Guwahati,26.14,91.73,2026,7,13.588387096774193
Guwahati,26.14,91.73,2026,8,11.464666666666666
Imphal,24.82,93.94,2015,1,1.04
Imphal,24.82,93.94,2015,2,0.43
Imphal,24.82,93.94,2015,3,0.68
Imphal,24.82,93.94,2015,4,7.23
Imphal,24.82,93.94,2015,5,3.45
Imphal,24.82,93.94,2015,6,8.29
Imphal,24.82,93.94,2015,7,12.86
Imphal,24.82,93.94,2015,8,8.21
Imphal,24.82,93.94,2015,9,6.21
Imphal,24.82,93.94,2015,10,3.43
Imphal,24.82,93.94,2015,11,0.43
Imphal,24.82,93.94,2015,12,0.28
Imphal,24.82,93.94,2016,1,0.28
Imphal,24.82,93.94,2016,2,0.97
Imphal,24.82,93.94,2016,3,1.7
Imphal,24.82,93.94,2016,4,7.54
Imphal,24.82,93.94,2016,5,10.06
Imphal,24.82,93.94,2016,6,6.28
Imphal,24.82,93.94,2016,7,9.36
Imphal,24.82,93.94,2016,8,4.39
Imphal,24.82,93.94,2016,9,6.64
Imphal,24.82,93.94,2016,10,3.01
Imphal,24.82,93.94,2016,11,2.79
Imphal,24.82,93.94,2016,12,0.16
Imphal,24.82,93.94,2017,1,0.22
Imphal,24.82,93.94,2017,2,1.07
Imphal,24.82,93.94,2017,3,5.5
Imphal,24.82,93.94,2017,4,7.63
Imphal,24.82,93.94,2017,5,5.92
Imphal,24.82,93.94,2017,6,10.45
Imphal,24.82,93.94,2017,7,10.48
Imphal,24.82,93.94,2017,8,6.59
Imphal,24.82,93.94,2017,9,9.27
Imphal,24.82,93.94,2017,10,7.75
Imphal,24.82,93.94,2017,11,0.18
Imphal,24.82,93.94,2017,12,2.2
Imphal,24.82,93.94,2018,1,0.24
Imphal,24.82,93.94,2018,2,0.36
Imphal,24.82,93.94,2018,3,2.04
Imphal,24.82,93.94,2018,4,3.66
Imphal,24.82,93.94,2018,5,6.29
Imphal,24.82,93.94,2018,6,13.81
Imphal,24.82,93.94,2018,7,8.66
Imphal,24.82,93.94,2018,8,7.54
Imphal,24.82,93.94,2018,9,2.87
Imphal,24.82,93.94,2018,10,1.88
Imphal,24.82,93.94,2018,11,0.19
Imphal,24.82,93.94,2018,12,1.1
Imphal,24.82,93.94,2019,1,0.04
Imphal,24.82,93.94,2019,2,1.02
Imphal,24.82,93.94,2019,3,1.05
Imphal,24.82,93.94,2019,4,2.58
Imphal,24.82,93.94,2019,5,4.96
Imphal,24.82,93.94,2019,6,6.68
Imphal,24.82,93.94,2019,7,7.26
Imphal,24.82,93.94,2019,8,6.13
Imphal,24.82,93.94,2019,9,7.36
Imphal,24.82,93.94,2019,10,6.12
Imphal,24.82,93.94,2019,11,1.06
Imphal,24.82,93.94,2019,12,0.18
Imphal,24.82,93.94,2020,1,1.05
Imphal,24.82,93.94,2020,2,0.25
Imphal,24.82,93.94,2020,3,0.66
Imphal,24.82,93.94,2020,4,3.6
Imphal,24.82,93.94,2020,5,5.99
Imphal,24.82,93.94,2020,6,8.5
Imphal,24.82,93.94,2020,7,7.09
Imphal,24.82,93.94,2020,8,5.36
Imphal,24.82,93.94,2020,9,6.06
Imphal,24.82,93.94,2020,10,5.4
Imphal,24.82,93.94,2020,11,1.87
Imphal,24.82,93.94,2020,12,0.0
Imphal,24.82,93.94,2021,1,0.14
Imphal,24.82,93.94,2021,2,0.01
Imphal,24.82,93.94,2021,3,2.27
Imphal,24.82,93.94,2021,4,1.37
Imphal,24.82,93.94,2021,5,3.85
Imphal,24.82,93.94,2021,6,5.17
Imphal,24.82,93.94,2021,7,6.28
Imphal,24.82,93.94,2021,8,6.56
Imphal,24.82,93.94,2021,9,3.77
Imphal,24.82,93.94,2021,10,3.12
Imphal,24.82,93.94,2021,11,0.1
Imphal,24.82,93.94,2021,12,1.2
Imphal,24.82,93.94,2022,1,0.81
Imphal,24.82,93.94,2022,2,1.79
Imphal,24.82,93.94,2022,3,1.02
Imphal,24.82,93.94,2022,4,6.04
Imphal,24.82,93.94,2022,5,11.11
Imphal,24.82,93.94,2022,6,10.93
Imphal,24.82,93.94,2022,7,5.93
Imphal,24.82,93.94,2022,8,2.55
Imphal,24.82,93.94,2022,9,4.65
Imphal,24.82,93.94,2022,10,4.27
Imphal,24.82,93.94,2022,11,0.01
Imphal,24.82,93.94,2022,12,0.38
Imphal,24.82,93.94,2023,1,0.0
Imphal,24.82,93.94,2023,2,0.14
Imphal,24.82,93.94,2023,3,1.75
Imphal,24.82,93.94,2023,4,2.17
Imphal,24.82,93.94,2023,5,3.36
Imphal,24.82,93.94,2023,6,7.85
Imphal,24.82,93.94,2023,7,6.03
Imphal,24.82,93.94,2023,8,6.88
Imphal,24.82,93.94,2023,9,3.38
Imphal,24.82,93.94,2023,10,1.75
Imphal,24.82,93.94,2023,11,1.85
Imphal,24.82,93.94,2023,12,1.3
Imphal,24.82,93.94,2024,1,0.0
Imphal,24.82,93.94,2024,2,1.86
Imphal,24.82,93.94,2024,3,1.93
Imphal,24.82,93.94,2024,4,3.38
Imphal,24.82,93.94,2024,5,9.68
Imphal,24.82,93.94,2024,6,7.57
Imphal,24.82,93.94,2024,7,10.51
Imphal,24.82,93.94,2024,8,10.33
Imphal,24.82,93.94,2024,9,5.19
Imphal,24.82,93.94,2024,10,5.07
Imphal,24.82,93.94,2024,11,0.83
Imphal,24.82,93.94,2024,12,0.0
Imphal,24.82,93.94,2025,1,0.07096774193548387
Imphal,24.82,93.94,2025,2,0.3
Imphal,24.82,93.94,2025,3,1.9980645161290322
Imphal,24.82,93.94,2025,4,2.3296666666666668
Imphal,24.82,93.94,2025,5,8.483548387096775
Imphal,24.82,93.94,2025,6,9.800999999999998
Imphal,24.82,93.94,2025,7,7.307096774193549
Imphal,24.82,93.94,2025,8,8.823870967741936
Imphal,24.82,93.94,2025,9,7.057666666666667
Imphal,24.82,93.94,2025,10,4.258709677419355
Imphal,24.82,93.94,2025,11,0.8143333333333334
Imphal,24.82,93.94,2025,12,0.0022580645161290325
Imphal,24.82,93.94,2026,1,0.0
Imphal,24.82,93.94,2026,2,0.017857142857142856
Imphal,24.82,93.94,2026,3,4.974516129032257
Imphal,24.82,93.94,2026,4,3.9766666666666666
Imphal,24.82,93.94,2026,5,3.547741935483871
Imphal,24.82,93.94,2026,6,7.136333333333334
Imphal,24.82,93.94,2026,7,8.701290322580645
Imphal,24.82,93.94,2026,8,8.337666666666667
Itanagar,27.08,93.6,2015,1,0.32
Itanagar,27.08,93.6,2015,2,0.71
Itanagar,27.08,93.6,2015,3,0.72
Itanagar,27.08,93.6,2015,4,6.48
Itanagar,27.08,93.6,2015,5,12.04
Itanagar,27.08,93.6,2015,6,21.28
Itanagar,27.08,93.6,2015,7,9.85
Itanagar,27.08,93.6,2015,8,16.26
Itanagar,27.08,93.6,2015,9,7.73
Itanagar,27.08,93.6,2015,10,1.95
Itanagar,27.08,93.6,2015,11,0.84
Itanagar,27.08,93.6,2015,12,0.84
Itanagar,27.08,93.6,2016,1,1.07
Itanagar,27.08,93.6,2016,2,1.41
Itanagar,27.08,93.6,2016,3,2.82
Itanagar,27.08,93.6,2016,4,9.26
Itanagar,27.08,93.6,2016,5,8.41
Itanagar,27.08,93.6,2016,6,10.48
Itanagar,27.08,93.6,2016,7,16.75
Itanagar,27.08,93.6,2016,8,7.07
Itanagar,27.08,93.6,2016,9,11.8
Itanagar,27.08,93.6,2016,10,3.39
Itanagar,27.08,93.6,2016,11,0.55
Itanagar,27.08,93.6,2016,12,0.12
Itanagar,27.08,93.6,2017,1,0.19
Itanagar,27.08,93.6,2017,2,2.38
Itanagar,27.08,93.6,2017,3,3.06
Itanagar,27.08,93.6,2017,4,8.26
Itanagar,27.08,93.6,2017,5,10.67
Itanagar,27.08,93.6,2017,6,14.44
Itanagar,27.08,93.6,2017,7,20.09
Itanagar,27.08,93.6,2017,8,11.69
Itanagar,27.08,93.6,2017,9,10.8
Itanagar,27.08,93.6,2017,10,7.2
Itanagar,27.08,93.6,2017,11,0.37
Itanagar,27.08,93.6,2017,12,0.05
Itanagar,27.08,93.6,2018,1,0.21
Itanagar,27.08,93.6,2018,2,0.75
Itanagar,27.08,93.6,2018,3,2.99
Itanagar,27.08,93.6,2018,4,4.7
Itanagar,27.08,93.6,2018,5,7.64
Itanagar,27.08,93.6,2018,6,12.4
Itanagar,27.08,93.6,2018,7,15.43
Itanagar,27.08,93.6,2018,8,12.93
Itanagar,27.08,93.6,2018,9,10.35
Itanagar,27.08,93.6,2018,10,1.2
Itanagar,27.08,93.6,2018,11,1.17
Itanagar,27.08,93.6,2018,12,0.93
Itanagar,27.08,93.6,2019,1,0.28
Itanagar,27.08,93.6,2019,2,1.58
Itanagar,27.08,93.6,2019,3,2.06
Itanagar,27.08,93.6,2019,4,4.36
Itanagar,27.08,93.6,2019,5,12.34
Itanagar,27.08,93.6,2019,6,11.85
Itanagar,27.08,93.6,2019,7,20.57
Itanagar,27.08,93.6,2019,8,6.38
Itanagar,27.08,93.6,2019,9,13.23
Itanagar,27.08,93.6,2019,10,5.74
Itanagar,27.08,93.6,2019,11,0.38
Itanagar,27.08,93.6,2019,12,0.13
Itanagar,27.08,93.6,2020,1,0.94
Itanagar,27.08,93.6,2020,2,1.05
Itanagar,27.08,93.6,2020,3,0.75
Itanagar,27.08,93.6,2020,4,13.19
Itanagar,27.08,93.6,2020,5,11.95
Itanagar,27.08,93.6,2020,6,16.7
Itanagar,27.08,93.6,2020,7,16.09
Itanagar,27.08,93.6,2020,8,10.53
Itanagar,27.08,93.6,2020,9,12.39
Itanagar,27.08,93.6,2020,10,6.87
Itanagar,27.08,93.6,2020,11,0.61
Itanagar,27.08,93.6,2020,12,0.2
Itanagar,27.08,93.6,2021,1,0.65
Itanagar,27.08,93.6,2021,2,0.3
Itanagar,27.08,93.6,2021,3,1.64
Itanagar,27.08,93.6,2021,4,1.79
Itanagar,27.08,93.6,2021,5,9.58
Itanagar,27.08,93.6,2021,6,15.12
Itanagar,27.08,93.6,2021,7,12.61
Itanagar,27.08,93.6,2021,8,12.28
Itanagar,27.08,93.6,2021,9,6.98
Itanagar,27.08,93.6,2021,10,3.33
Itanagar,27.08,93.6,2021,11,0.29
Itanagar,27.08,93.6,2021,12,0.24
Itanagar,27.08,93.6,2022,1,0.82
Itanagar,27.08,93.6,2022,2,2.39
Itanagar,27.08,93.6,2022,3,1.69
Itanagar,27.08,93.6,2022,4,10.43
Itanagar,27.08,93.6,2022,5,10.2
Itanagar,27.08,93.6,2022,6,19.99
Itanagar,27.08,93.6,2022,7,10.1
Itanagar,27.08,93.6,2022,8,8.34
Itanagar,27.08,93.6,2022,9,7.48
Itanagar,27.08,93.6,2022,10,8.57
Itanagar,27.08,93.6,2022,11,0.0
Itanagar,27.08,93.6,2022,12,0.3
Itanagar,27.08,93.6,2023,1,0.07
Itanagar,27.08,93.6,2023,2,1.49
Itanagar,27.08,93.6,2023,3,2.97
Itanagar,27.08,93.6,2023,4,4.56
Itanagar,27.08,93.6,2023,5,6.82
Itanagar,27.08,93.6,2023,6,15.67
Itanagar,27.08,93.6,2023,7,15.88
Itanagar,27.08,93.6,2023,8,12.7
Itanagar,27.08,93.6,2023,9,5.48
Itanagar,27.08,93.6,2023,10,5.32
Itanagar,27.08,93.6,2023,11,0.48
Itanagar,27.08,93.6,2023,12,0.66
Itanagar,27.08,93.6,2024,1,0.13
Itanagar,27.08,93.6,2024,2,1.25
Itanagar,27.08,93.6,2024,3,2.9
Itanagar,27.08,93.6,2024,4,3.83
Itanagar,27.08,93.6,2024,5,6.99
Itanagar,27.08,93.6,2024,6,16.78
Itanagar,27.08,93.6,2024,7,14.24
Itanagar,27.08,93.6,2024,8,11.37
Itanagar,27.08,93.6,2024,9,5.69
Itanagar,27.08,93.6,2024,10,6.81
Itanagar,27.08,93.6,2024,11,0.11
Itanagar,27.08,93.6,2024,12,0.02
Itanagar,27.08,93.6,2025,1,1.0106451612903224
Itanagar,27.08,93.6,2025,2,0.9807142857142858
Itanagar,27.08,93.6,2025,3,2.2561290322580643
Itanagar,27.08,93.6,2025,4,6.079
Itanagar,27.08,93.6,2025,5,12.931935483870967
Itanagar,27.08,93.6,2025,6,11.97
Itanagar,27.08,93.6,2025,7,13.683870967741935
Itanagar,27.08,93.6,2025,8,15.34
Itanagar,27.08,93.6,2025,9,11.471
Itanagar,27.08,93.6,2025,10,3.99741935483871
Itanagar,27.08,93.6,2025,11,0.5603333333333332
Itanagar,27.08,93.6,2025,12,0.003870967741935484
Itanagar,27.08,93.6,2026,1,0.0016129032258064516
Itanagar,27.08,93.6,2026,2,0.23964285714285713
Itanagar,27.08,93.6,2026,3,5.618387096774193
Itanagar,27.08,93.6,2026,4,7.0729999999999995
Itanagar,27.08,93.6,2026,5,6.282258064516129
Itanagar,27.08,93.6,2026,6,11.761
Itanagar,27.08,93.6,2026,7,14.776774193548386
Itanagar,27.08,93.6,2026,8,11.624333333333334
Kohima,25.67,94.11,2015,1,0.94
Kohima,25.67,94.11,2015,2,0.45
Kohima,25.67,94.11,2015,3,0.72
Kohima,25.67,94.11,2015,4,6.16
Kohima,25.67,94.11,2015,5,4.18
Kohima,25.67,94.11,2015,6,9.65
Kohima,25.67,94.11,2015,7,11.47
Kohima,25.67,94.11,2015,8,9.7
Kohima,25.67,94.11,2015,9,5.78
Kohima,25.67,94.11,2015,10,2.98
Kohima,25.67,94.11,2015,11,0.55
Kohima,25.67,94.11,2015,12,0.37
Kohima,25.67,94.11,2016,1,0.36
Kohima,25.67,94.11,2016,2,0.65
Kohima,25.67,94.11,2016,3,1.59
Kohima,25.67,94.11,2016,4,5.29
Kohima,25.67,94.11,2016,5,7.79
Kohima,25.67,94.11,2016,6,7.88
Kohima,25.67,94.11,2016,7,10.07
Kohima,25.67,94.11,2016,8,4.92
Kohima,25.67,94.11,2016,9,6.65
Kohima,25.67,94.11,2016,10,2.97
Kohima,25.67,94.11,2016,11,1.76
Kohima,25.67,94.11,2016,12,0.11
Kohima,25.67,94.11,2017,1,0.19
Kohima,25.67,94.11,2017,2,0.84
Kohima,25.67,94.11,2017,3,3.77
Kohima,25.67,94.11,2017,4,5.58
Kohima,25.67,94.11,2017,5,6.15
Kohima,25.67,94.11,2017,6,9.36
Kohima,25.67,94.11,2017,7,13.73
Kohima,25.67,94.11,2017,8,7.11
Kohima,25.67,94.11,2017,9,9.41
Kohima,25.67,94.11,2017,10,6.41
Kohima,25.67,94.11,2017,11,0.14
Kohima,25.67,94.11,2017,12,1.34
Kohima,25.67,94.11,2018,1,0.28
Kohima,25.67,94.11,2018,2,0.31
Kohima,25.67,94.11,2018,3,1.92
Kohima,25.67,94.11,2018,4,3.75
Kohima,25.67,94.11,2018,5,7.28
Kohima,25.67,94.11,2018,6,12.3
Kohima,25.67,94.11,2018,7,12.79
Kohima,25.67,94.11,2018,8,10.58
Kohima,25.67,94.11,2018,9,3.66
Kohima,25.67,94.11,2018,10,1.84
Kohima,25.67,94.11,2018,11,0.25
Kohima,25.67,94.11,2018,12,0.83
Kohima,25.67,94.11,2019,1,0.15
Kohima,25.67,94.11,2019,2,1.13
Kohima,25.67,94.11,2019,3,1.29
Kohima,25.67,94.11,2019,4,2.85
Kohima,25.67,94.11,2019,5,5.69
Kohima,25.67,94.11,2019,6,7.45
Kohima,25.67,94.11,2019,7,8.71
Kohima,25.67,94.11,2019,8,8.15
Kohima,25.67,94.11,2019,9,9.16
Kohima,25.67,94.11,2019,10,5.73
Kohima,25.67,94.11,2019,11,0.91
Kohima,25.67,94.11,2019,12,0.16
Kohima,25.67,94.11,2020,1,1.05
Kohima,25.67,94.11,2020,2,0.35
Kohima,25.67,94.11,2020,3,0.62
Kohima,25.67,94.11,2020,4,3.58
Kohima,25.67,94.11,2020,5,6.32
Kohima,25.67,94.11,2020,6,9.54
Kohima,25.67,94.11,2020,7,8.29
Kohima,25.67,94.11,2020,8,6.76
Kohima,25.67,94.11,2020,9,5.91
Kohima,25.67,94.11,2020,10,6.09
Kohima,25.67,94.11,2020,11,1.48
Kohima,25.67,94.11,2020,12,0.0
Kohima,25.67,94.11,2021,1,0.15
Kohima,25.67,94.11,2021,2,0.07
Kohima,25.67,94.11,2021,3,2.07
Kohima,25.67,94.11,2021,4,0.92
Kohima,25.67,94.11,2021,5,3.6
Kohima,25.67,94.11,2021,6,5.59
Kohima,25.67,94.11,2021,7,7.09
Kohima,25.67,94.11,2021,8,7.2
Kohima,25.67,94.11,2021,9,5.96
Kohima,25.67,94.11,2021,10,3.12
Kohima,25.67,94.11,2021,11,0.09
Kohima,25.67,94.11,2021,12,0.86
Kohima,25.67,94.11,2022,1,0.95
Kohima,25.67,94.11,2022,2,1.97
Kohima,25.67,94.11,2022,3,0.57
Kohima,25.67,94.11,2022,4,4.73
Kohima,25.67,94.11,2022,5,8.52
Kohima,25.67,94.11,2022,6,8.94
Kohima,25.67,94.11,2022,7,7.31
Kohima,25.67,94.11,2022,8,3.74
Kohima,25.67,94.11,2022,9,6.03
Kohima,25.67,94.11,2022,10,4.99
Kohima,25.67,94.11,2022,11,0.0
Kohima,25.67,94.11,2022,12,0.43
Kohima,25.67,94.11,2023,1,0.01
Kohima,25.67,94.11,2023,2,0.41
Kohima,25.67,94.11,2023,3,2.12
Kohima,25.67,94.11,2023,4,2.24
Kohima,25.67,94.11,2023,5,3.86
Kohima,25.67,94.11,2023,6,8.72
Kohima,25.67,94.11,2023,7,8.9
Kohima,25.67,94.11,2023,8,8.64
Kohima,25.67,94.11,2023,9,3.93
Kohima,25.67,94.11,2023,10,1.94
Kohima,25.67,94.11,2023,11,1.51
Kohima,25.67,94.11,2023,12,1.4
Kohima,25.67,94.11,2024,1,0.02
Kohima,25.67,94.11,2024,2,1.55
Kohima,25.67,94.11,2024,3,1.93
Kohima,25.67,94.11,2024,4,2.24
Kohima,25.67,94.11,2024,5,7.58
Kohima,25.67,94.11,2024,6,9.54
Kohima,25.67,94.11,2024,7,12.9
Kohima,25.67,94.11,2024,8,10.37
Kohima,25.67,94.11,2024,9,6.98
Kohima,25.67,94.11,2024,10,4.06
Kohima,25.67,94.11,2024,11,0.47
Kohima,25.67,94.11,2024,12,0.0
Kohima,25.67,94.11,2025,1,0.11612903225806452
Kohima,25.67,94.11,2025,2,0.31428571428571433
Kohima,25.67,94.11,2025,3,1.8203225806451613
Kohima,25.67,94.11,2025,4,3.0193333333333334
Kohima,25.67,94.11,2025,5,8.233548387096775
Kohima,25.67,94.11,2025,6,8.926666666666668
Kohima,25.67,94.11,2025,7,8.310645161290322
Kohima,25.67,94.11,2025,8,12.021290322580645
Kohima,25.67,94.11,2025,9,8.918000000000001
Kohima,25.67,94.11,2025,10,3.8367741935483872
Kohima,25.67,94.11,2025,11,0.4473333333333333
Kohima,25.67,94.11,2025,12,0.000967741935483871
Kohima,25.67,94.11,2026,1,0.001935483870967742
Kohima,25.67,94.11,2026,2,0.0725
Kohima,25.67,94.11,2026,3,5.049677419354839
Kohima,25.67,94.11,2026,4,3.318
Kohima,25.67,94.11,2026,5,4.029677419354838
Kohima,25.67,94.11,2026,6,8.674666666666667
Kohima,25.67,94.11,2026,7,10.635483870967741
Kohima,25.67,94.11,2026,8,11.910333333333334
Shillong,25.57,91.88,2015,1,0.38
Shillong,25.57,91.88,2015,2,0.94
Shillong,25.57,91.88,2015,3,1.04
Shillong,25.57,91.88,2015,4,11.84
Shillong,25.57,91.88,2015,5,14.66
Shillong,25.57,91.88,2015,6,17.65
Shillong,25.57,91.88,2015,7,14.6
Shillong,25.57,91.88,2015,8,17.69
Shillong,25.57,91.88,2015,9,12.97
Shillong,25.57,91.88,2015,10,2.54
Shillong,25.57,91.88,2015,11,0.2
Shillong,25.57,91.88,2015,12,0.56
Shillong,25.57,91.88,2016,1,1.45
Shillong,25.57,91.88,2016,2,0.54
Shillong,25.57,91.88,2016,3,3.31
Shillong,25.57,91.88,2016,4,23.34
Shillong,25.57,91.88,2016,5,19.64
Shillong,25.57,91.88,2016,6,18.5
Shillong,25.57,91.88,2016,7,37.87
Shillong,25.57,91.88,2016,8,8.31
Shillong,25.57,91.88,2016,9,13.23
Shillong,25.57,91.88,2016,10,6.41
Shillong,25.57,91.88,2016,11,0.96
Shillong,25.57,91.88,2016,12,0.16
Shillong,25.57,91.88,2017,1,0.01
Shillong,25.57,91.88,2017,2,4.5
Shillong,25.57,91.88,2017,3,10.11
Shillong,25.57,91.88,2017,4,24.34
Shillong,25.57,91.88,2017,5,13.44
Shillong,25.57,91.88,2017,6,34.67
Shillong,25.57,91.88,2017,7,24.06
Shillong,25.57,91.88,2017,8,30.67
Shillong,25.57,91.88,2017,9,17.87
Shillong,25.57,91.88,2017,10,10.58
Shillong,25.57,91.88,2017,11,0.46
Shillong,25.57,91.88,2017,12,1.38
Shillong,25.57,91.88,2018,1,0.17
Shillong,25.57,91.88,2018,2,0.98
Shillong,25.57,91.88,2018,3,2.33
Shillong,25.57,91.88,2018,4,11.49
Shillong,25.57,91.88,2018,5,16.41
Shillong,25.57,91.88,2018,6,24.53
Shillong,25.57,91.88,2018,7,21.62
Shillong,25.57,91.88,2018,8,16.5
Shillong,25.57,91.88,2018,9,14.06
Shillong,25.57,91.88,2018,10,2.31
Shillong,25.57,91.88,2018,11,0.33
Shillong,25.57,91.88,2018,12,0.78
Shillong,25.57,91.88,2019,1,0.01
Shillong,25.57,91.88,2019,2,1.57
Shillong,25.57,91.88,2019,3,1.49
Shillong,25.57,91.88,2019,4,8.88
Shillong,25.57,91.88,2019,5,20.38
Shillong,25.57,91.88,2019,6,27.83
Shillong,25.57,91.88,2019,7,38.97
Shillong,25.57,91.88,2019,8,12.15
Shillong,25.57,91.88,2019,9,18.43
Shillong,25.57,91.88,2019,10,12.14
Shillong,25.57,91.88,2019,11,0.7
Shillong,25.57,91.88,2019,12,0.07
Shillong,25.57,91.88,2020,1,0.89
Shillong,25.57,91.88,2020,2,0.6
Shillong,25.57,91.88,2020,3,0.79
Shillong,25.57,91.88,2020,4,10.65
Shillong,25.57,91.88,2020,5,29.13
Shillong,25.57,91.88,2020,6,37.2
Shillong,25.57,91.88,2020,7,36.72
Shillong,25.57,91.88,2020,8,17.32
Shillong,25.57,91.88,2020,9,30.03
Shillong,25.57,91.88,2020,10,12.0
Shillong,25.57,91.88,2020,11,0.23
Shillong,25.57,91.88,2020,12,0.0
Shillong,25.57,91.88,2021,1,0.1
Shillong,25.57,91.88,2021,2,0.09
Shillong,25.57,91.88,2021,3,2.5
Shillong,25.57,91.88,2021,4,5.92
Shillong,25.57,91.88,2021,5,14.38
Shillong,25.57,91.88,2021,6,23.11
Shillong,25.57,91.88,2021,7,18.11
Shillong,25.57,91.88,2021,8,28.8
Shillong,25.57,91.88,2021,9,7.06
Shillong,25.57,91.88,2021,10,5.98
Shillong,25.57,91.88,2021,11,0.0
Shillong,25.57,91.88,2021,12,0.48
Shillong,25.57,91.88,2022,1,0.77
Shillong,25.57,91.88,2022,2,1.96
Shillong,25.57,91.88,2022,3,3.89
Shillong,25.57,91.88,2022,4,19.34
Shillong,25.57,91.88,2022,5,27.26
Shillong,25.57,91.88,2022,6,44.2
Shillong,25.57,91.88,2022,7,14.03
Shillong,25.57,91.88,2022,8,9.73
Shillong,25.57,91.88,2022,9,12.93
Shillong,25.57,91.88,2022,10,10.48
Shillong,25.57,91.88,2022,11,0.02
Shillong,25.57,91.88,2022,12,0.19
Shillong,25.57,91.88,2023,1,0.0
Shillong,25.57,91.88,2023,2,0.33
Shillong,25.57,91.88,2023,3,6.0
Shillong,25.57,91.88,2023,4,5.27
Shillong,25.57,91.88,2023,5,7.83
Shillong,25.57,91.88,2023,6,35.72
Shillong,25.57,91.88,2023,7,22.61
Shillong,25.57,91.88,2023,8,22.36
Shillong,25.57,91.88,2023,9,8.79
Shillong,25.57,91.88,2023,10,11.02
Shillong,25.57,91.88,2023,11,0.96
Shillong,25.57,91.88,2023,12,0.71
Shillong,25.57,91.88,2024,1,0.06
Shillong,25.57,91.88,2024,2,1.24
Shillong,25.57,91.88,2024,3,5.11
Shillong,25.57,91.88,2024,4,5.87
Shillong,25.57,91.88,2024,5,23.66
Shillong,25.57,91.88,2024,6,43.91
Shillong,25.57,91.88,2024,7,24.04
Shillong,25.57,91.88,2024,8,24.66
Shillong,25.57,91.88,2024,9,7.48
Shillong,25.57,91.88,2024,10,8.19
Shillong,25.57,91.88,2024,11,0.09
Shillong,25.57,91.88,2024,12,0.0
Shillong,25.57,91.88,2025,1,0.03129032258064516
Shillong,25.57,91.88,2025,2,0.19178571428571428
Shillong,25.57,91.88,2025,3,1.1138709677419356
Shillong,25.57,91.88,2025,4,11.580666666666668
Shillong,25.57,91.88,2025,5,29.25258064516129
Shillong,25.57,91.88,2025,6,17.125333333333334
Shillong,25.57,91.88,2025,7,17.746129032258064
Shillong,25.57,91.88,2025,8,22.221612903225807
Shillong,25.57,91.88,2025,9,10.860666666666667
Shillong,25.57,91.88,2025,10,6.343225806451613
Shillong,25.57,91.88,2025,11,1.3323333333333334
Shillong,25.57,91.88,2025,12,0.006451612903225806
Shillong,25.57,91.88,2026,1,0.0003225806451612903
Shillong,25.57,91.88,2026,2,0.12642857142857142
Shillong,25.57,91.88,2026,3,8.005161290322581
Shillong,25.57,91.88,2026,4,14.279666666666666
Shillong,25.57,91.88,2026,5,11.397096774193548
Shillong,25.57,91.88,2026,6,20.17233333333333
Shillong,25.57,91.88,2026,7,28.681612903225805
Shillong,25.57,91.88,2026,8,11.676666666666668
