lat,lon,month,year,rainfall,elevation,slope,dist_city_km,landslide
26.09748244,91.8744337,7,2016,11.29,52.0,0.668,15.2,1
25.1122,94.3591,8,2015,10.33,781.0,0.05,53.3,1
27.10390115283404,88.46222629515337,4,2022,1.2,1562.0,4.082,29.1,0
25.16,93.686,6,2015,7.57,781.0,0.05,45.7,1
25.48,94.1383,7,2016,12.9,1449.0,2.873,21.3,1
23.7131,92.7362,6,2015,21.11,890.0,2.182,3.3,1
27.18732399,87.50256183,6,2017,20.21,1562.0,4.082,110.6,1
26.98206257830029,93.68226418812446,1,2019,0.09,253.0,4.032,13.6,0
22.0104,91.9538,6,2015,21.11,890.0,2.182,206.3,1
26.7903,88.11,8,2016,8.94,1562.0,4.082,77.8,1
24.905580555420773,94.03272860719979,12,2016,0.0,781.0,0.05,13.3,0
23.689957347998515,91.24918436631985,1,2015,0.12,14.0,0.259,15.9,0
24.598471327473142,94.10008336248579,4,2017,2.94,781.0,0.05,29.5,0
27.50867144296333,88.64941238377207,2,2019,0.19,1562.0,4.082,20.2,0
21.61900923,91.92597729,7,2017,13.02,890.0,2.182,248.1,1
27.5799,91.8569,4,2016,2.11,52.0,0.668,160.6,1
24.737567106830486,93.77158473515935,4,2019,2.19,781.0,0.05,19.3,0
27.547676827353158,88.54390213676454,3,2019,1.76,1562.0,4.082,25.1,0
27.282593768142895,93.60180797709027,10,2016,5.08,253.0,4.032,22.5,0
25.6278,94.1051,8,2015,10.37,1449.0,2.873,4.7,1
22.3605,91.8236,9,2015,9.22,14.0,0.259,172.6,1
27.4503,87.74,8,2016,8.94,1562.0,4.082,86.9,1
27.310363398799396,93.62748516558328,1,2024,0.07,253.0,4.032,25.8,0
26.224819062875365,92.00543387595951,4,2015,1.39,52.0,0.668,29.1,0
27.12028355103017,88.37845621962168,7,2016,9.14,1562.0,4.082,32.7,0
27.40361500634907,88.7900459387389,12,2019,0.04,1562.0,4.082,19.6,0
27.54295099,88.59676956,5,2017,4.87,1562.0,4.082,23.7,1
25.613367909803497,91.97469323387578,6,2022,34.7,1520.0,2.841,10.7,0
25.310901936521148,91.94516354653187,6,2023,21.45,1520.0,2.841,29.5,0
25.6263,94.1057,8,2015,10.37,1449.0,2.873,4.9,1
25.67061161,94.11844319,6,2017,9.54,1449.0,2.873,0.8,1
27.6802471,93.62592773,4,2017,3.83,253.0,4.032,66.8,1
22.1334,96.4669,10,2015,5.07,781.0,0.05,394.5,1
27.466290203983814,88.61466283816567,5,2018,2.27,1562.0,4.082,15.2,0
28.235,94.9612,7,2016,14.24,253.0,4.032,185.7,1
23.78750656697737,92.6903293704695,9,2019,7.63,890.0,2.182,6.7,0
25.429808309432175,93.99087955649618,4,2015,1.92,1449.0,2.873,29.3,0
25.61919207,92.7094701,4,2017,5.87,1520.0,2.841,83.4,1
24.004,93.9815,8,2015,10.33,781.0,0.05,90.8,1
27.104022,93.61156568,4,2017,3.83,253.0,4.032,2.9,1
27.0087,88.443,6,2015,20.21,1562.0,4.082,39.4,1
23.961909696229423,91.39666879031434,6,2022,16.92,14.0,0.259,18.9,0
23.8447,93.0514,8,2015,28.17,890.0,2.182,37.0,1
25.08734272,91.75063827,1,2017,0.06,1520.0,2.841,55.2,1
27.14751597759283,88.50932895839051,7,2021,7.26,1562.0,4.082,22.6,0
27.61790706,93.84196894,4,2017,3.83,253.0,4.032,64.4,1
27.394889167758922,88.61928747255199,2,2019,0.31,1562.0,4.082,7.3,0
27.14163897,93.66495709,7,2017,14.24,253.0,4.032,9.4,1
26.22247247,91.92053028,7,2017,11.29,52.0,0.668,21.1,1
26.3981154746749,91.52267277269345,9,2020,3.31,52.0,0.668,35.4,0
24.9007,91.8644,2,2016,1.24,1520.0,2.841,74.4,1
22.4254,91.8022,7,2015,10.32,14.0,0.259,165.1,1
26.0101,94.5282,7,2016,12.9,1449.0,2.873,56.4,1
27.246334298101583,88.73085179588638,8,2023,5.02,1562.0,4.082,15.1,0
23.86469956,91.8949662,6,2017,20.85,14.0,0.259,62.7,1
25.090261292162072,93.8782375873473,7,2015,7.37,781.0,0.05,30.7,0
26.0319,94.5466,6,2015,9.54,1449.0,2.873,59.4,1
24.782067783052327,94.02434093078718,11,2022,0.38,781.0,0.05,9.5,0
25.420043165699592,91.7237618551068,12,2022,0.0,1520.0,2.841,22.9,0
25.91224493159141,91.92462666067783,1,2024,0.03,1520.0,2.841,38.3,0
25.66795298123071,94.21524954721343,5,2023,3.04,1449.0,2.873,10.6,0
22.202,92.2217,2,2015,1.26,890.0,2.182,177.1,1
27.769793,93.50995626,5,2017,6.99,253.0,4.032,77.2,1
26.172999502595765,91.93387813628607,3,2018,1.65,52.0,0.668,20.7,0
23.468511705130016,91.1065478509602,8,2022,19.1,14.0,0.259,43.9,0
24.33197035,91.8008536,6,2017,20.85,14.0,0.259,76.9,1
25.16647666331351,93.9890265205582,3,2022,1.06,781.0,0.05,38.8,0
24.21988831,93.20266204,6,2017,21.11,890.0,2.182,74.0,1
27.4373,90.4678,8,2015,8.94,1562.0,4.082,183.8,1
25.719355207884988,92.03888356083445,1,2023,0.03,1520.0,2.841,23.0,0
27.21668161,93.63051815,7,2017,14.24,253.0,4.032,15.5,1
26.392537931430702,91.65035352431664,8,2019,7.82,52.0,0.668,29.2,0
27.011173926027602,93.53628394083103,2,2022,0.77,253.0,4.032,9.9,0
27.6276,87.7924,6,2016,20.21,1562.0,4.082,87.2,1
26.027066212415708,91.59584809308838,7,2015,5.67,52.0,0.668,18.4,0
25.0634,94.3415,7,2015,10.51,781.0,0.05,48.7,1
26.10035658,91.87351723,7,2017,11.29,52.0,0.668,15.0,1
27.0678,88.456,7,2015,14.94,1562.0,4.082,32.9,1
27.413480016412688,88.6544627001213,11,2021,0.04,1562.0,4.082,10.3,0
23.940573208809983,92.64361964321617,2,2018,0.98,890.0,2.182,24.4,0
27.092975831288218,93.64905148031839,12,2022,0.01,253.0,4.032,5.1,0
21.7773,92.1991,8,2015,28.17,890.0,2.182,223.4,1
24.9818,93.5142,7,2015,10.51,781.0,0.05,46.6,1
26.845856247050833,93.55540149559535,12,2021,0.01,253.0,4.032,26.4,0
26.88161,95.399897,8,2016,11.37,253.0,4.032,179.7,1
25.65522717732359,94.04650525319337,6,2021,5.54,1449.0,2.873,6.6,0
23.494193961652016,92.69995702406527,12,2024,0.05,890.0,2.182,26.2,0
27.505687064020098,88.72263034830969,2,2021,0.19,1562.0,4.082,22.5,0
27.5754,91.9754,8,2016,10.91,52.0,0.668,161.5,1
24.0135808,92.67420963,4,2017,2.82,890.0,2.182,31.7,1
27.1695,88.3664,10,2016,3.19,1562.0,4.082,30.0,1
25.933541875138307,91.68257034431282,10,2021,2.66,52.0,0.668,23.4,0
27.02099026,89.90712175,7,2017,14.94,1562.0,4.082,132.8,1
26.8861,88.1704,10,2016,3.19,1562.0,4.082,65.8,1
27.460714316692226,88.64353933231621,4,2023,0.59,1562.0,4.082,14.9,0
27.3034,93.804,7,2016,14.24,253.0,4.032,32.0,1
27.2625,87.6017,10,2015,3.19,1562.0,4.082,99.9,1
25.43807422,91.79904872,6,2017,43.91,1520.0,2.841,16.8,1
27.0076,88.251,6,2015,20.21,1562.0,4.082,50.5,1
25.118398,92.853913,4,2017,5.87,1520.0,2.841,110.0,1
24.70412149,92.23034662,6,2017,43.91,1520.0,2.841,102.5,1
24.059766833590157,91.43112661564798,11,2023,0.37,14.0,0.259,29.8,0
25.6115,96.2907,3,2015,1.93,1449.0,2.873,218.7,1
27.1071241,93.65156438,7,2017,14.24,253.0,4.032,5.9,1
25.457473686110472,94.17657190640746,8,2024,5.92,1449.0,2.873,24.6,0
23.551685541851572,92.61403727008754,2,2017,0.87,890.0,2.182,22.1,0
27.04040393,89.90633458,7,2017,14.94,1562.0,4.082,132.2,1
24.92668398696893,94.05900208527999,7,2021,6.5,781.0,0.05,16.9,0
26.20450454,91.87202793,7,2017,11.29,52.0,0.668,15.9,1
24.7979,92.9974,7,2015,10.51,781.0,0.05,95.2,1
25.73318099,93.99655231,5,2017,7.58,1449.0,2.873,13.4,1
27.296768893538978,93.58839657302687,9,2022,2.61,253.0,4.032,24.1,0
27.266412937137023,88.36223612777312,9,2017,13.65,1562.0,4.082,25.5,0
24.83507319,93.89896294,7,2017,10.51,781.0,0.05,4.5,1
25.458461765678116,91.75666249740645,9,2018,4.78,1520.0,2.841,17.5,0
27.0161,88.2478,6,2015,20.21,1562.0,4.082,50.0,1
27.326514943372445,88.9105264115602,4,2023,0.79,1562.0,4.082,29.7,0
27.304438862825368,88.49307764049118,3,2018,2.19,1562.0,4.082,11.9,0
25.4538,93.9827,7,2015,12.9,1449.0,2.873,27.2,1
27.399387066804245,93.40688661280889,6,2024,13.56,253.0,4.032,40.3,0
23.798907865757492,92.81529304393318,4,2021,2.07,890.0,2.182,13.2,0
27.02856666,89.57220662,7,2017,14.94,1562.0,4.082,100.9,1
26.1028,91.8806,8,2015,10.91,52.0,0.668,15.6,1
25.72019272,94.03225673,7,2017,12.9,1449.0,2.873,9.6,1
26.2632687,94.81481951,7,2017,12.9,1449.0,2.873,96.5,1
25.701481540612228,91.9205143151296,2,2017,1.1,1520.0,2.841,15.2,0
22.90813548,92.47207294,6,2017,21.11,890.0,2.182,94.6,1
25.0728,92.3636,8,2015,24.66,1520.0,2.841,73.6,1
23.823762780187224,92.89775875128477,6,2020,17.04,890.0,2.182,21.8,0
23.73354779,92.74744512,6,2017,21.11,890.0,2.182,3.8,1
25.9703,91.8584,9,2015,4.67,52.0,0.668,22.8,1
26.071345085356477,91.74618206665146,2,2019,0.38,52.0,0.668,7.8,0
26.7223,95.0243,4,2016,3.83,253.0,4.032,146.7,1
26.1061808,91.85158907,7,2017,11.29,52.0,0.668,12.7,1
25.421971438235765,91.84320832310868,10,2024,3.95,1520.0,2.841,16.9,0
23.9939,94.0573,8,2015,10.33,781.0,0.05,92.6,1
25.991381629184424,91.79201223723936,4,2024,2.55,1520.0,2.841,47.7,0
26.1677,94.2442,6,2016,9.54,1449.0,2.873,56.9,1
27.05957271,93.50102778,7,2017,14.24,253.0,4.032,10.1,1
23.698277144960684,91.22988148389489,7,2015,7.94,14.0,0.259,15.5,0
25.1622,92.0104,2,2016,1.24,1520.0,2.841,47.2,1
27.06992579,93.6146564,6,2017,16.78,253.0,4.032,1.8,1
27.075802631520464,93.63383397592652,2,2024,1.11,253.0,4.032,3.4,0
25.73111942,93.98827528,7,2017,12.9,1449.0,2.873,14.0,1
26.163557285116802,91.7062047744442,4,2020,0.96,52.0,0.668,3.5,0
26.96437841,92.78260587,6,2017,16.78,253.0,4.032,82.0,1
25.6743664919865,94.1146375917049,5,2020,5.84,1449.0,2.873,0.7,0
27.249514897460674,93.69211487656689,4,2017,2.82,253.0,4.032,20.9,0
26.9865,87.8982,9,2015,17.31,1562.0,4.082,80.1,1
25.6183,96.2964,3,2015,1.93,1449.0,2.873,219.2,1
23.673243443562054,91.12684322589826,3,2016,2.0,14.0,0.259,23.4,0
24.821275844008472,94.05923983793734,7,2022,9.42,781.0,0.05,12.0,0
25.4976444,94.12901274,7,2017,12.9,1449.0,2.873,19.3,1
25.698202859520336,91.75996824550971,4,2023,2.35,1520.0,2.841,18.7,0
26.892452669161525,93.67668327218212,5,2021,5.72,253.0,4.032,22.2,0
27.06246797203872,93.45032220251339,6,2017,13.65,253.0,4.032,14.9,0
25.197893723502318,91.73053720609964,7,2024,14.06,1520.0,2.841,44.0,0
26.98187803398983,93.27790664553919,10,2018,4.79,253.0,4.032,33.7,0
25.4477,94.0489,7,2015,12.9,1449.0,2.873,25.5,1
27.172,88.5292,10,2016,3.19,1562.0,4.082,19.3,1
26.9015,88.4719,7,2016,14.94,1562.0,4.082,49.6,1
22.1909,92.2135,8,2015,28.17,890.0,2.182,178.5,1
27.131118711200315,93.33245833054286,5,2015,3.37,253.0,4.032,27.1,0
26.327449790056566,91.82530567142919,8,2021,4.79,52.0,0.668,22.9,0
23.659589648969593,92.71187411780915,12,2016,0.04,890.0,2.182,7.8,0
24.7016,93.5291,8,2015,10.33,781.0,0.05,43.5,1
26.8811,88.2779,7,2015,14.94,1562.0,4.082,59.8,1
27.36,87.6681,6,2015,20.21,1562.0,4.082,93.1,1
25.203,90.5573,7,2016,24.04,1520.0,2.841,139.0,1
23.635727290479483,92.8261742055798,1,2018,0.05,890.0,2.182,15.8,0
26.8823,87.9125,6,2016,20.21,1562.0,4.082,85.1,1
27.98531715,94.21263589,7,2017,14.24,253.0,4.032,117.4,1
27.12144112689928,93.38808511741614,5,2024,5.87,253.0,4.032,21.5,0
23.7269,92.7265,8,2015,28.17,890.0,2.182,1.7,1
22.3496,91.8138,9,2015,9.22,14.0,0.259,173.4,1
27.03231401770573,93.46994921155148,3,2015,2.29,253.0,4.032,13.9,0
24.819,94.3551,7,2015,10.51,781.0,0.05,41.9,1
26.21120456326948,91.71033700239684,6,2022,9.84,52.0,0.668,8.2,0
23.86714988516634,91.25311600618254,11,2019,0.67,14.0,0.259,5.0,0
22.65242372,92.15898865,6,2017,21.11,890.0,2.182,132.4,1
26.324724,94.514651,9,2016,6.98,1449.0,2.873,83.3,1
23.90028291677593,91.37868320156498,12,2023,0.04,14.0,0.259,12.7,0
27.36,93.0385,7,2015,14.24,253.0,4.032,63.7,1
27.273576589315482,88.58992655532259,6,2016,8.3,1562.0,4.082,6.6,0
25.617871488170973,93.93299988322991,11,2022,0.38,1449.0,2.873,18.7,0
25.061667422274944,93.75664385311902,2,2017,1.43,781.0,0.05,32.6,0
23.78169678393541,92.8102489027162,3,2022,3.02,890.0,2.182,11.7,0
23.19807165,94.29816252,6,2017,21.11,890.0,2.182,172.5,1
27.19341376741178,88.69378234389113,9,2019,10.53,1562.0,4.082,17.3,0
25.9611,91.3681,7,2016,11.29,52.0,0.668,41.3,1
24.5202,92.7239,5,2016,16.74,890.0,2.182,87.9,1
26.8843,88.1835,6,2015,20.21,1562.0,4.082,65.1,1
26.983344931968045,93.5909622230398,11,2015,0.09,253.0,4.032,10.8,0
25.167803,92.019575,3,2017,5.11,1520.0,2.841,46.9,1
26.90298048,88.29518925,7,2017,14.94,1562.0,4.082,56.8,1
25.3908,94.0926,7,2015,12.9,1449.0,2.873,31.1,1
26.117883626512274,91.96824141607239,10,2021,2.52,52.0,0.668,23.9,0
25.5007,93.9854,7,2015,12.9,1449.0,2.873,22.6,1
25.06466676,94.27420555,7,2017,10.51,781.0,0.05,43.3,1
25.77171292,93.93507183,4,2017,2.24,1449.0,2.873,20.9,1
23.91394394334734,92.94687782544725,9,2022,10.64,890.0,2.182,31.6,0
25.765630071634657,94.0051604357132,8,2024,5.46,1449.0,2.873,14.9,0
25.90108086104177,91.59306830199218,5,2024,7.68,52.0,0.668,29.9,0
27.257395480264098,88.94643804686045,5,2015,3.88,1562.0,4.082,34.2,0
25.07781925045748,93.59205839098732,5,2017,4.88,781.0,0.05,45.3,0
25.8143405421436,91.73447757205228,3,2023,4.57,1520.0,2.841,30.8,0
26.8797,87.9172,9,2015,17.31,1562.0,4.082,84.9,1
27.08168565,93.60815652,7,2017,14.24,253.0,4.032,0.8,1
27.06980296160234,93.63930537181115,3,2022,2.08,253.0,4.032,4.1,0
22.65242372,92.15898865,6,2017,21.11,890.0,2.182,132.4,1
24.4638,92.4943,5,2016,16.74,890.0,2.182,84.5,1
25.132228,93.04681,4,2017,3.38,781.0,0.05,96.5,1
25.1019,93.3729,8,2015,10.33,781.0,0.05,65.2,1
25.64319355,89.45570226,2,2017,0.42,1562.0,4.082,205.6,1
25.72,94.6219,8,2015,10.37,1449.0,2.873,51.6,1
25.410018634518654,94.23930000756182,10,2016,2.2,1449.0,2.873,31.7,0
26.70474502337605,93.34440107060844,9,2021,3.82,253.0,4.032,48.8,0
23.654873254584608,92.64468887905839,6,2016,14.38,890.0,2.182,10.7,0
23.734594723889163,92.63737458499996,12,2018,0.04,890.0,2.182,7.4,0
23.64083994717019,92.48791952311524,1,2016,0.06,890.0,2.182,24.7,0
24.60309132184173,93.95081942615708,6,2022,4.66,781.0,0.05,24.1,0
23.787062689966646,91.34809483689631,6,2016,11.61,14.0,0.259,8.4,0
27.092916,93.61882043,7,2017,14.24,253.0,4.032,2.4,1
27.360364,88.651914,7,2017,14.94,1562.0,4.082,5.3,1
24.71391032050728,94.08534968054137,7,2020,6.66,781.0,0.05,18.8,0
26.0746,97.3668,12,2015,0.0,1449.0,2.873,328.9,1
24.37169581,93.70684171,7,2017,10.51,781.0,0.05,55.1,1
25.63785009259647,91.64513613917292,11,2016,0.06,1520.0,2.841,24.7,0
23.64373667066824,91.24938971233418,3,2022,2.38,14.0,0.259,20.9,0
23.96427774729575,91.17207796500728,9,2016,5.37,14.0,0.259,18.5,0
24.6108,92.562,2,2015,1.26,890.0,2.182,99.1,1
25.69111465,94.09483333,7,2017,12.9,1449.0,2.873,2.8,1
27.1176,88.1069,7,2016,14.94,1562.0,4.082,55.1,1
25.8702,94.7844,7,2016,12.9,1449.0,2.873,71.1,1
27.434672525849997,88.6265919683868,8,2016,7.94,1562.0,4.082,11.8,0
27.377728423151186,88.43568807308985,11,2018,0.05,1562.0,4.082,18.0,0
25.83762589,93.94633448,6,2017,9.54,1449.0,2.873,24.8,1
23.512933129136538,92.51159505814684,5,2024,14.3,890.0,2.182,31.5,0
25.33365710092441,91.78078746615397,12,2023,0.0,1520.0,2.841,28.1,0
26.908975862131065,93.43206961870942,11,2022,0.05,253.0,4.032,25.3,0
27.16009861,91.6036289,7,2017,11.29,52.0,0.668,114.1,1
24.79591421,93.72386429,3,2017,1.93,781.0,0.05,22.0,1
26.9653186,88.2667225,6,2017,20.21,1562.0,4.082,52.9,1
26.18965602324943,91.68460703607944,10,2021,3.02,52.0,0.668,7.1,0
23.870551485892257,91.1504982102891,10,2020,7.61,14.0,0.259,13.9,0
24.792106498422093,93.83296690279444,9,2015,2.35,781.0,0.05,11.2,0
23.982272492895124,92.96934930113285,9,2023,10.12,890.0,2.182,38.5,0
25.431665365373192,94.09142860585055,7,2016,7.38,1449.0,2.873,26.6,0
25.4243,88.2746,6,2015,20.21,1562.0,4.082,214.5,1
26.8781,88.2807,7,2015,14.94,1562.0,4.082,59.9,1
22.2092,92.1868,8,2015,28.17,890.0,2.182,177.4,1
25.483369166896654,92.07116708254118,5,2017,18.95,1520.0,2.841,21.5,0
23.82251111335206,91.25227064546822,10,2022,14.07,14.0,0.259,2.9,0
22.77997113,92.03513581,7,2017,13.02,890.0,2.182,126.1,1
25.72103149653025,94.21051188633032,2,2021,1.13,1449.0,2.873,11.6,0
23.69461107,92.87641207,6,2017,21.11,890.0,2.182,17.4,1
22.3513,91.8295,7,2015,10.32,14.0,0.259,173.8,1
24.990407302533313,93.80187244032862,2,2018,1.49,781.0,0.05,23.5,0
27.03511029441721,93.44773981414068,4,2024,3.42,253.0,4.032,15.9,0
22.65620215,93.61589869,5,2017,16.74,890.0,2.182,151.1,1
25.54305828792528,91.90951641449854,3,2023,4.37,1520.0,2.841,4.2,0
25.95761636138438,91.4954783078197,7,2019,8.92,52.0,0.668,31.0,0
23.877474139250996,91.26540701023798,11,2017,0.59,14.0,0.259,5.5,0
23.78393751724981,91.1669708629464,2,2023,0.85,14.0,0.259,12.6,0
28.10756941,94.18315697,6,2017,16.78,253.0,4.032,127.9,1
27.320266833698135,93.56409665587904,8,2021,6.91,253.0,4.032,27.0,0
24.4072,94.0644,8,2015,10.33,781.0,0.05,47.6,1
24.7459,93.4251,8,2015,10.33,781.0,0.05,52.6,1
24.16576007538606,92.53426500567619,6,2020,9.99,890.0,2.182,51.6,0
23.6866,93.017,8,2015,28.17,890.0,2.182,31.6,1
25.5098,93.8794,7,2015,12.9,1449.0,2.873,29.2,1
23.73941422,92.71505961,6,2017,21.11,890.0,2.182,1.2,1
27.267696410973045,88.51818548014103,4,2017,1.2,1562.0,4.082,11.4,0
25.1941,94.4481,8,2015,10.37,1449.0,2.873,62.9,1
27.97875751,94.26296826,7,2017,14.24,253.0,4.032,119.4,1
25.543976528455623,93.98632781764631,2,2020,0.96,1449.0,2.873,18.7,0
23.65637182,93.02746602,6,2017,21.11,890.0,2.182,33.3,1
25.711829642697086,93.95881605755646,2,2024,1.13,1449.0,2.873,15.8,0
25.608177593231456,93.83884547103376,9,2018,3.94,1449.0,2.873,28.0,0
25.0318,92.4584,3,2015,5.11,1520.0,2.841,83.4,1
24.84331439915027,93.99276346125988,12,2020,0.0,781.0,0.05,5.9,0
27.254945838390462,88.68277416688186,7,2019,12.51,1562.0,4.082,11.0,0
26.28524175318872,91.47756953425764,1,2022,0.06,52.0,0.668,29.9,0
25.7902,94.1318,7,2016,12.9,1449.0,2.873,13.5,1
26.9071,87.9217,6,2015,20.21,1562.0,4.082,82.8,1
26.14519178112779,91.68758063762787,10,2021,3.26,52.0,0.668,4.3,0
26.398549858117494,91.70307211800761,2,2022,0.33,52.0,0.668,28.9,0
27.127910039568683,93.46964291282028,3,2024,1.66,253.0,4.032,14.0,0
25.917241678130885,91.90856203449407,7,2016,8.29,52.0,0.668,30.5,0
26.1445447,94.24416766,7,2017,12.9,1449.0,2.873,54.4,1
24.19467451,91.82931979,6,2017,20.85,14.0,0.259,69.0,1
23.800126401337806,92.5811061305675,2,2020,0.54,890.0,2.182,15.3,0
23.519052484601303,91.11239238305156,3,2024,2.27,14.0,0.259,38.6,0
26.409634174996697,91.86413199927702,5,2016,10.66,52.0,0.668,32.8,0
26.11613908,94.24222574,7,2017,12.9,1449.0,2.873,51.3,1
27.01145644,92.64204045,7,2017,14.24,253.0,4.032,95.2,1
27.385957847765123,88.51645989661127,12,2015,0.03,1562.0,4.082,11.1,0
26.027527999257323,91.69462559567377,2,2015,0.34,52.0,0.668,13.0,0
26.092493,94.257523,9,2016,6.98,1449.0,2.873,49.2,1
27.36637451869068,88.63648600376806,11,2016,0.03,1562.0,4.082,4.8,0
24.962808047970984,93.60223340640714,9,2016,2.18,781.0,0.05,37.6,0
25.64161334885954,94.15929930034237,6,2016,8.33,1449.0,2.873,5.9,0
23.789390081164623,92.94421573027053,9,2019,10.21,890.0,2.182,24.7,0
24.7241683227635,93.89872866231599,6,2017,5.56,781.0,0.05,11.4,0
24.954,94.2156,8,2015,10.33,781.0,0.05,31.5,1
25.15246863,92.94670614,6,2017,7.57,781.0,0.05,106.7,1
24.663912092123134,93.57808295036057,9,2020,4.29,781.0,0.05,40.5,0
27.0844941,93.60505989,7,2017,14.24,253.0,4.032,0.7,1
25.660517,94.104931,8,2016,10.37,1449.0,2.873,1.2,1
24.3481,94.1146,8,2015,10.33,781.0,0.05,55.4,1
27.05880384,93.54136779,6,2017,16.78,253.0,4.032,6.3,1
26.10973183,91.80317334,7,2017,11.29,52.0,0.668,8.0,1
25.08303063,94.23757741,4,2017,3.38,781.0,0.05,41.9,1
27.307518898570887,93.4804633516055,6,2017,11.36,253.0,4.032,27.9,0
25.583,91.893,9,2015,7.48,1520.0,2.841,1.9,1
27.30507632370754,88.89232623203061,6,2020,13.51,1562.0,4.082,28.0,0
25.627876982883475,91.76554141854578,1,2018,0.04,1520.0,2.841,13.2,0
25.5084,90.2191,6,2015,20.23,52.0,0.668,166.7,1
27.5771090996405,88.65644301228637,5,2020,2.45,1562.0,4.082,27.9,0
24.696791998116343,94.06577338056044,5,2024,8.48,781.0,0.05,18.7,0
25.659033204235836,92.11054484808764,8,2021,14.7,1520.0,2.841,25.1,0
24.07253115977479,91.29965406742902,7,2019,7.43,14.0,0.259,27.0,0
27.0987,93.816,6,2015,16.78,253.0,4.032,21.5,1
25.71702707711753,94.23571898518415,6,2017,6.16,1449.0,2.873,13.6,0
24.5204,92.7264,5,2016,16.74,890.0,2.182,87.9,1
25.785023430767637,94.12817669239492,9,2024,4.26,1449.0,2.873,12.9,0
26.1961,91.7825,6,2016,20.23,52.0,0.668,8.1,1
23.53467307397065,92.72917606047508,9,2022,5.56,890.0,2.182,21.8,0
26.048,91.8695,9,2015,4.67,52.0,0.668,17.3,1
25.6237,94.1136,8,2015,10.37,1449.0,2.873,5.2,1
25.501752477948884,91.69615913543491,2,2024,1.05,1520.0,2.841,19.9,0
25.02060971611641,93.91682414811251,8,2024,4.26,781.0,0.05,22.4,0
22.2144,92.235,6,2015,21.11,890.0,2.182,175.4,1
25.645483565221326,94.16063618231983,7,2016,6.01,1449.0,2.873,5.8,0
25.1472,91.7483,2,2015,1.24,1520.0,2.841,48.8,1
27.239577729910152,93.42870926607863,7,2021,8.26,253.0,4.032,24.5,0
25.5145,90.2023,8,2015,10.91,52.0,0.668,168.0,1
23.609010164353894,92.51760480246091,5,2023,7.11,890.0,2.182,23.8,0
25.562566174367262,91.86267516810516,7,2023,20.76,1520.0,2.841,1.9,0
26.19037705,91.77306002,7,2017,11.29,52.0,0.668,7.1,1
27.129960555892737,93.59612057280691,12,2019,0.01,253.0,4.032,5.6,0
24.74293434403447,93.80668040301536,6,2015,6.5,781.0,0.05,16.0,0
23.700652306078666,91.35183133077807,11,2018,0.52,14.0,0.259,16.1,0
26.8826,88.2806,7,2015,14.94,1562.0,4.082,59.5,1
25.66659081899153,91.57247418484535,4,2020,4.39,1520.0,2.841,32.7,0
23.774399098453067,92.6542128128018,8,2019,17.14,890.0,2.182,7.5,0
24.74058408589509,93.80847088327486,2,2021,1.55,781.0,0.05,15.9,0
27.25217189911003,93.24086095426492,1,2015,0.07,253.0,4.032,40.4,0
27.513641,87.640957,9,2016,17.31,1562.0,4.082,97.8,1
23.635529150788784,91.05767219038358,8,2017,9.82,14.0,0.259,31.3,0
27.05909317,93.54235868,6,2017,16.78,253.0,4.032,6.2,1
27.0257,88.4301,6,2015,20.21,1562.0,4.082,38.2,1
27.82743132,93.62407259,5,2017,6.99,253.0,4.032,83.1,1
24.82767572,93.51825,7,2017,10.51,781.0,0.05,42.6,1
24.777345424293987,93.96779884741231,9,2021,4.12,781.0,0.05,5.5,0
24.95178179,94.20340026,7,2017,10.51,781.0,0.05,30.3,1
22.6239,91.6743,5,2016,16.04,14.0,0.259,140.0,1
25.92910253212463,93.87992078926258,7,2018,7.27,1449.0,2.873,36.9,0
25.18306225183711,94.00523264071954,12,2019,0.0,781.0,0.05,40.9,0
27.0192096101826,93.30947429390697,6,2018,9.02,253.0,4.032,29.6,0
25.67836832,91.9234343,6,2017,43.91,1520.0,2.841,12.8,1
27.296185282615784,88.41844753325447,5,2017,4.01,1562.0,4.082,19.3,0
23.725943,92.7178,9,2016,11.98,890.0,2.182,0.9,1
26.3185,94.5247,6,2016,9.54,1449.0,2.873,83.2,1
25.195355,93.172758,4,2017,3.38,781.0,0.05,87.9,1
27.34915550819005,93.79722118072588,12,2018,0.01,253.0,4.032,35.7,0
27.110483699724448,88.52139394790548,11,2015,0.03,1562.0,4.082,25.9,0
23.749350613464546,91.36138916949379,3,2018,3.31,14.0,0.259,12.2,0
25.907233,91.881892,5,2017,12.56,52.0,0.668,30.0,1
23.68143124435701,92.45620560262454,12,2022,0.04,890.0,2.182,26.4,0
26.181606,91.772042,12,2016,0.0,52.0,0.668,6.2,1
23.7348,92.7187,9,2015,11.98,890.0,2.182,1.0,1
25.71098060342782,93.93908564983626,4,2016,1.12,1449.0,2.873,17.7,0
27.58984674081149,88.78661178334666,6,2020,16.66,1562.0,4.082,33.7,0
28.1737,94.7596,8,2015,11.37,253.0,4.032,166.9,1
25.656005202551977,94.12965867390692,8,2018,7.3,1449.0,2.873,2.5,0
23.95080218497352,92.73247636209808,6,2021,11.17,890.0,2.182,24.7,0
26.888,88.2796,10,2016,3.19,1562.0,4.082,59.0,1
26.047050109880708,91.80067044401,10,2019,4.64,52.0,0.668,12.5,0
25.702907375204582,94.04836091537494,4,2019,1.0,1449.0,2.873,7.2,0
23.753780953661508,92.8038385590951,5,2019,13.51,890.0,2.182,9.9,0
27.544982175990924,88.62372802672598,7,2016,9.74,1562.0,4.082,23.9,0
26.7973,88.1389,8,2016,8.94,1562.0,4.082,75.4,1
23.841356993193525,91.28090250206542,6,2016,13.37,14.0,0.259,1.3,0
23.3572,92.7878,8,2015,28.17,890.0,2.182,42.2,1
25.6226,96.2946,1,2016,0.02,1449.0,2.873,219.0,1
27.11610665,93.79559574,7,2017,14.24,253.0,4.032,19.8,1
25.648175088359817,91.84012418121269,1,2015,0.03,1520.0,2.841,9.6,0
26.1699,94.4922,7,2016,12.9,1449.0,2.873,67.5,1
27.469115772233724,88.67816305073215,3,2024,2.14,1562.0,4.082,16.9,0
23.904574111608063,91.30136386041059,1,2019,0.09,14.0,0.259,8.6,0
25.61953667,96.3086022,2,2017,1.55,1449.0,2.873,220.5,1
22.84756674,91.95656252,6,2017,21.11,890.0,2.182,124.7,1
23.436211283940445,92.7081521060606,6,2016,16.52,890.0,2.182,32.7,0
26.1062,91.8717,7,2015,11.29,52.0,0.668,14.6,1
23.7736,94.1201,8,2015,10.33,781.0,0.05,117.8,1
27.5748,91.8644,7,2016,11.29,52.0,0.668,160.1,1
26.268696382188573,91.70130435126777,12,2023,0.0,52.0,0.668,14.6,0
22.97758595,91.80439129,6,2017,20.85,14.0,0.259,108.8,1
26.06191173807169,91.85189019316304,11,2019,0.04,52.0,0.668,15.0,0
23.760508236092992,92.55871959370853,9,2020,6.82,890.0,2.182,15.8,0
25.80253243330726,91.55069615385528,2,2016,0.37,52.0,0.668,41.6,0
26.078449003998234,91.69190559829283,11,2022,0.02,52.0,0.668,7.8,0
23.97608411923261,91.38478495180573,6,2021,11.82,14.0,0.259,19.4,0
23.427884610770207,92.82937579828295,6,2015,16.75,890.0,2.182,35.7,0
26.0214,94.5224,8,2015,10.37,1449.0,2.873,56.8,1
23.81962930979108,91.48303788343541,11,2020,0.71,14.0,0.259,20.7,0
24.652991793711724,94.02693417137147,11,2021,0.63,781.0,0.05,20.5,0
23.930427915001825,92.89719249775891,12,2024,0.05,890.0,2.182,29.3,0
27.0165,88.2476,6,2015,20.21,1562.0,4.082,50.0,1
23.721932617377252,92.97518948703697,9,2024,5.44,890.0,2.182,27.0,0
27.10647226,93.65975252,7,2017,14.24,253.0,4.032,6.6,1
23.9278,94.0906,8,2015,10.33,781.0,0.05,100.4,1
27.8835,96.9262,8,2015,11.37,253.0,4.032,340.1,1
25.975399348817945,91.83510847352895,9,2023,3.79,52.0,0.668,21.1,0
23.625288752169762,91.24162518929887,1,2023,0.09,14.0,0.259,23.1,0
25.679307135111152,91.79350290616495,5,2015,19.0,1520.0,2.841,14.9,0
23.793934420439445,91.2953046945861,7,2023,4.62,14.0,0.259,4.3,0
26.089658894782204,91.4313782007314,9,2022,2.74,52.0,0.668,30.3,0
27.4159,87.6909,7,2016,14.94,1562.0,4.082,91.3,1
23.790538986331544,91.1771220985735,1,2015,0.08,14.0,0.259,11.3,0
23.592760840081908,91.50139235720803,2,2019,0.91,14.0,0.259,34.7,0
27.384554722551442,88.57729563078433,9,2018,14.3,1562.0,4.082,6.9,0
25.82860033,91.876717,7,2017,24.04,1520.0,2.841,28.8,1
23.33501164,92.85410625,6,2017,21.11,890.0,2.182,46.3,1
24.984996947551313,93.92016570152032,9,2022,3.16,781.0,0.05,18.5,0
24.783240902321396,93.78537794195933,8,2018,4.44,781.0,0.05,16.1,0
27.1005,87.7831,7,2016,14.94,1562.0,4.082,85.7,1
27.0816,88.4397,7,2015,14.94,1562.0,4.082,32.4,1
27.17485379224884,88.64529141673825,1,2022,0.11,1562.0,4.082,17.6,0
23.797765290141147,92.78162940059,9,2018,5.09,890.0,2.182,10.5,0
26.409639178365147,91.80744463581522,11,2022,0.04,52.0,0.668,31.0,0
25.59288437681537,92.10072379594897,11,2019,0.05,1520.0,2.841,22.3,0
25.7319098917394,94.17462315045118,1,2024,0.02,1449.0,2.873,9.5,0
27.5138,87.8086,7,2016,14.94,1562.0,4.082,81.7,1
27.0875,88.6556,6,2015,20.21,1562.0,4.082,27.3,1
27.2676,88.2891,10,2016,3.19,1562.0,4.082,32.5,1
26.56636244,93.13195098,7,2017,14.24,253.0,4.032,73.6,1
27.184879509754232,93.90790274729187,8,2017,6.87,253.0,4.032,32.6,0
27.1758,88.5294,1,2016,0.14,1562.0,4.082,18.9,1
23.81147314024578,92.61017354390668,6,2023,12.53,890.0,2.182,13.6,0
24.1077,94.0396,8,2015,10.33,781.0,0.05,79.8,1
25.58040717026992,91.90402858899756,2,2015,0.76,1520.0,2.841,2.7,0
25.6566,96.3495,7,2016,12.9,1449.0,2.873,224.5,1
25.654640494008337,94.01241545693917,3,2018,1.12,1449.0,2.873,9.9,0
25.481623,93.141692,4,2017,2.24,1449.0,2.873,99.4,1
24.5308,92.5121,5,2016,16.74,890.0,2.182,91.3,1
25.5114,90.215,6,2015,20.23,52.0,0.668,167.0,1
25.463,92.2121,6,2015,43.91,1520.0,2.841,35.4,1
27.22990044987117,93.61461201194366,2,2023,0.85,253.0,4.032,16.7,0
27.113655129666085,88.60123831342119,8,2023,4.82,1562.0,4.082,24.1,0
25.51206522339441,94.05983157414661,5,2022,6.5,1449.0,2.873,18.3,0
25.661314220833667,91.53630657371028,7,2021,18.8,1520.0,2.841,35.9,0
23.4495,92.8112,8,2015,28.17,890.0,2.182,32.9,1
24.023584564348173,91.34164738653513,2,2024,0.63,14.0,0.259,22.4,0
26.10956290228067,91.56763592039177,11,2016,0.02,52.0,0.668,16.6,0
27.566863688461563,88.63399874203601,3,2023,1.76,1562.0,4.082,26.4,0
26.191688,91.810079,12,2016,0.0,52.0,0.668,9.8,1
25.905567348199025,91.76431550433935,5,2020,8.3,52.0,0.668,26.3,0
24.90116974162068,94.05443897235054,3,2015,1.13,781.0,0.05,14.7,0
26.95223279,93.85748748,7,2017,14.24,253.0,4.032,29.2,1
25.72452931047291,91.90760867469074,9,2024,3.51,1520.0,2.841,17.4,0
27.33861278,87.67107225,6,2017,20.21,1562.0,4.082,92.8,1
25.0118,94.3136,7,2016,10.51,781.0,0.05,43.3,1
25.460606959543952,91.81782904012462,8,2019,11.42,1520.0,2.841,13.7,0
27.191567033715707,88.82917683000805,6,2022,17.49,1562.0,4.082,26.6,0
25.6127,96.2961,5,2016,7.58,1449.0,2.873,219.2,1
26.4395944796122,91.55350779208561,2,2021,0.34,52.0,0.668,37.7,0
26.14547804,91.79364785,7,2017,11.29,52.0,0.668,6.4,1
25.11956675,94.36416626,6,2017,7.57,781.0,0.05,54.2,1
27.0136,92.6351,7,2016,14.24,253.0,4.032,95.8,1
22.1306,95.5488,12,2015,0.06,890.0,2.182,340.8,1
23.438189,91.125374,3,2017,3.72,14.0,0.259,46.3,1
24.1988,94.1016,8,2015,10.33,781.0,0.05,71.0,1
24.506937,91.588893,11,2016,0.86,14.0,0.259,81.5,1
24.042,92.6724,8,2015,28.17,890.0,2.182,34.9,1
27.025541923015236,93.54273931590025,3,2022,1.83,253.0,4.032,8.3,0
25.6219,96.2887,4,2016,2.24,1449.0,2.873,218.5,1
26.10430759,91.86227824,7,2017,11.29,52.0,0.668,13.8,1
22.44394492,91.97239273,6,2017,21.11,890.0,2.182,161.7,1
24.30415689,93.18182448,6,2017,21.11,890.0,2.182,79.8,1
27.5523,91.752,4,2016,2.11,52.0,0.668,157.1,1
26.9343,88.4486,10,2016,3.19,1562.0,4.082,46.8,1
26.1966,91.802,7,2016,11.29,52.0,0.668,9.6,1
27.422420200200335,88.29380699873339,10,2024,2.25,1562.0,4.082,32.9,0
24.879554995002323,94.02333731329752,3,2016,1.46,781.0,0.05,10.7,0
27.620069022778225,88.90407269011746,6,2016,14.95,1562.0,4.082,43.4,0
24.3311,91.5642,2,2015,1.49,14.0,0.259,62.7,1
27.456033024404128,88.83310974345288,5,2022,3.14,1562.0,4.082,26.1,0
26.8366,88.0839,7,2015,14.94,1562.0,4.082,75.6,1
25.06657276,93.9310888,6,2017,7.57,781.0,0.05,27.4,1
25.181453,93.118105,4,2017,3.38,781.0,0.05,92.1,1
23.290410843622084,92.76743286045775,3,2023,2.34,890.0,2.182,49.2,0
25.40394314769348,91.74579094715662,12,2022,0.0,1520.0,2.841,22.9,0
24.930337463864255,93.99615796775593,3,2020,1.21,781.0,0.05,13.5,0
26.1768,91.7702,7,2016,11.29,52.0,0.668,5.7,1
25.942475468341264,91.85537118444715,4,2016,1.77,52.0,0.668,25.3,0
23.72930505416635,92.86682984121845,4,2022,1.69,890.0,2.182,16.0,0
22.59420297,92.16404889,6,2017,21.11,890.0,2.182,138.1,1
26.962369180718984,88.39734737447607,8,2017,6.51,1562.0,4.082,46.0,0
26.894778036963277,93.81634571867794,1,2016,0.11,253.0,4.032,29.7,0
22.3507,91.8147,7,2015,10.32,14.0,0.259,173.3,1
26.019147965051914,94.07922574667009,2,2016,1.08,1449.0,2.873,38.9,0
25.6320357,94.10065403,7,2017,12.9,1449.0,2.873,4.3,1
24.107621105630088,92.99152669169224,6,2016,16.93,890.0,2.182,50.8,0
27.3507362148088,88.72401996280638,9,2023,7.17,1562.0,4.082,11.5,0
27.51353298,89.79033898,7,2017,14.94,1562.0,4.082,118.3,1
25.74362616370317,92.09544526348449,7,2020,12.6,1520.0,2.841,29.0,0
26.8352,88.1881,7,2015,14.94,1562.0,4.082,69.1,1
22.35037081,91.83258101,6,2017,20.85,14.0,0.259,174.0,1
25.092576,91.763689,3,2017,5.11,1520.0,2.841,54.4,1
25.981257842374355,91.53161883000625,3,2016,1.71,52.0,0.668,26.5,0
27.146709022729283,93.5769472343457,4,2017,3.09,253.0,4.032,7.8,0
25.6172,96.3005,1,2015,0.02,1449.0,2.873,219.7,1
26.999914964243967,93.43953713830653,2,2020,0.99,253.0,4.032,18.2,0
27.14374488461542,93.30945496009419,2,2015,0.65,253.0,4.032,29.6,0
27.33861278,87.67107225,6,2017,20.21,1562.0,4.082,92.8,1
22.59420297,92.16404889,6,2017,21.11,890.0,2.182,138.1,1
24.9016,91.8771,6,2015,43.91,1520.0,2.841,74.3,1
26.1963,91.8074,7,2016,11.29,52.0,0.668,9.9,1
21.87861504,92.2676503,6,2017,21.11,890.0,2.182,210.8,1
23.92295529482237,91.3309813041789,2,2024,0.75,14.0,0.259,11.6,0
26.1468,91.6469,2,2015,0.47,52.0,0.668,8.3,1
23.703243200804625,91.1174451758963,7,2018,7.62,14.0,0.259,21.7,0
25.794198226519562,94.0655143569698,8,2022,5.64,1449.0,2.873,14.5,0
26.66354481,94.62220277,6,2017,16.78,253.0,4.032,111.5,1
25.761872886582513,94.20983778544701,6,2023,4.08,1449.0,2.873,14.3,0
23.8317139083341,91.47934408856555,1,2022,0.12,14.0,0.259,20.3,0
25.61960911624398,94.39575903210967,9,2024,5.3,1449.0,2.873,29.2,0
26.1868,91.6739,9,2015,4.67,52.0,0.668,7.6,1
24.1419,94.1078,8,2015,10.33,781.0,0.05,77.3,1
25.5166579577529,94.0955731594615,3,2018,1.01,1449.0,2.873,17.1,0
25.2568,92.3825,8,2015,24.66,1520.0,2.841,61.3,1
24.75414191348426,93.8808140722196,2,2019,1.24,781.0,0.05,9.5,0
25.71104341973254,92.00989529576256,4,2016,3.29,1520.0,2.841,20.4,0
27.6163,88.6586,5,2015,4.87,1562.0,4.082,32.2,1
22.80452414,91.91261915,6,2017,20.85,14.0,0.259,131.1,1
26.49349035,91.72137514,9,2015,4.67,52.0,0.668,39.3,1
24.32420539,93.15020652,6,2017,21.11,890.0,2.182,79.8,1
25.575790087441195,94.15671792514551,5,2021,5.62,1449.0,2.873,11.5,0
23.87843759018923,92.53325445653276,8,2021,23.39,890.0,2.182,24.4,0
24.416,94.0984,8,2015,10.33,781.0,0.05,47.7,1
24.4265,94.1913,8,2015,10.33,781.0,0.05,50.6,1
24.768609,92.821182,9,2016,5.19,781.0,0.05,113.1,1
27.123497077866553,88.70527264202217,4,2015,1.29,1562.0,4.082,24.8,0
27.07671517,93.59755441,7,2017,14.24,253.0,4.032,0.4,1
25.51826286,91.9630294,2,2017,1.24,1520.0,2.841,10.1,1
25.62776546790966,91.94302828980874,4,2022,4.65,1520.0,2.841,9.0,0
25.94717375194341,94.08387408992925,2,2018,0.67,1449.0,2.873,30.9,0
23.938279772166585,91.56694322115976,12,2016,0.04,14.0,0.259,31.6,0
24.27173018,93.28039349,7,2017,13.02,890.0,2.182,83.6,1
25.2193,90.5549,8,2015,24.66,1520.0,2.841,138.7,1
24.5582,88.1825,4,2015,1.47,1562.0,4.082,311.2,1
23.94241508495916,91.23726739004262,2,2022,1.12,14.0,0.259,13.2,0
25.986906547073,91.45102468901815,7,2019,9.33,52.0,0.668,32.7,0
26.9978,88.167,7,2015,14.94,1562.0,4.082,57.3,1
27.13750907965302,93.74997363703653,7,2019,8.43,253.0,4.032,16.2,0
27.593,88.492,8,2016,8.94,1562.0,4.082,31.5,1
23.71570383125346,91.30229406429542,10,2017,10.5,14.0,0.259,12.9,0
26.9282,88.4553,7,2015,14.94,1562.0,4.082,47.2,1
26.8692,88.4695,10,2016,3.19,1562.0,4.082,53.1,1
22.80452414,91.91261915,6,2017,20.85,14.0,0.259,131.1,1
26.916001421316892,93.6433375000753,12,2024,0.01,253.0,4.032,18.7,0
26.178734323498404,91.9647077032505,12,2016,0.0,52.0,0.668,23.8,0
24.912288515045283,93.68039925917391,2,2015,1.6,781.0,0.05,28.1,0
23.76482548344394,92.62670091717715,1,2019,0.08,890.0,2.182,9.3,0
26.9974,88.4314,6,2015,20.21,1562.0,4.082,41.0,1
25.732161414991403,93.96156928199522,7,2019,6.88,1449.0,2.873,16.4,0
24.829255695107555,93.94558417546324,9,2017,4.02,781.0,0.05,1.2,0
27.13774264491588,93.57650431535129,11,2017,0.1,253.0,4.032,6.8,0
25.178619,92.012806,3,2017,5.11,1520.0,2.841,45.5,1
22.74955141,92.22099982,6,2017,21.11,890.0,2.182,119.9,1
23.65316359063927,92.58793409076281,1,2019,0.05,890.0,2.182,15.1,0
23.64435845077173,92.83206455349493,9,2018,10.17,890.0,2.182,15.7,0
23.32140323,93.75079688,3,2017,3.69,890.0,2.182,115.4,1
23.7313,92.7187,9,2015,11.98,890.0,2.182,0.9,1
27.144169459737068,93.66584865440832,6,2017,15.05,253.0,4.032,9.7,0
26.149057889263663,91.53460218247483,3,2017,1.43,52.0,0.668,19.5,0
25.578022244023284,91.56733967675173,5,2023,15.16,1520.0,2.841,31.4,0
25.468673725044365,94.04895843768412,3,2015,1.02,1449.0,2.873,23.2,0
25.82601444,91.87113067,7,2017,24.04,1520.0,2.841,28.5,1
23.833515663714604,92.78096307970411,10,2018,4.64,890.0,2.182,13.6,0
23.71523309965382,92.6734155834734,10,2015,7.73,890.0,2.182,4.1,0
27.5905,87.7955,6,2015,20.21,1562.0,4.082,85.4,1
26.26105124229167,91.48701920084123,9,2021,2.43,52.0,0.668,27.7,0
24.82578716844714,93.89323805037662,2,2016,1.29,781.0,0.05,4.8,0
27.04768643,93.61899644,6,2017,16.78,253.0,4.032,4.1,1
24.79184935136073,93.98172155896819,1,2015,0.0,781.0,0.05,5.2,0
27.132805170770435,93.4517059275848,2,2020,0.5,253.0,4.032,15.8,0
26.16066111,91.85294885,4,2017,2.11,52.0,0.668,12.5,1
27.02149311,88.25902123,7,2017,14.94,1562.0,4.082,48.8,1
27.056820577689678,93.53575082667552,10,2016,4.31,253.0,4.032,6.9,0
27.001592195574545,93.21528834872692,3,2020,2.11,253.0,4.032,39.1,0
25.1416,92.3807,8,2015,24.66,1520.0,2.841,69.3,1
22.64753,92.15455,3,2017,3.69,890.0,2.182,133.1,1
23.5397,93.3783,7,2016,13.02,890.0,2.182,71.3,1
24.882083542805905,94.18243145224768,3,2020,1.67,781.0,0.05,25.4,0
26.43058467436443,91.8958990054861,2,2020,0.32,52.0,0.668,36.3,0
27.362584679221577,88.57968751319159,1,2022,0.09,1562.0,4.082,4.7,0
23.755105660219126,91.10225843503744,3,2015,2.52,14.0,0.259,19.9,0
25.984002384063928,91.84256767937097,10,2015,2.45,52.0,0.668,20.7,0
28.0822,96.5316,5,2016,6.99,253.0,4.032,309.7,1
26.1666,91.7042,9,2015,4.67,52.0,0.668,3.9,1
24.827870019753437,93.89617432212947,10,2022,3.39,781.0,0.05,4.5,0
27.1027,88.1218,7,2016,14.94,1562.0,4.082,54.5,1
27.31776183454723,88.35415216759768,4,2020,1.26,1562.0,4.082,25.3,0
25.613275616894093,94.3048842446679,9,2017,5.29,1449.0,2.873,20.5,0
22.3913,91.8177,7,2015,10.32,14.0,0.259,169.2,1
25.99545423334468,91.59272658262311,3,2017,1.95,52.0,0.668,21.1,0
24.9111,94.4759,8,2015,10.33,781.0,0.05,55.0,1
26.3312531,94.55427723,7,2017,12.9,1449.0,2.873,85.9,1
27.6438,93.871,6,2016,16.78,253.0,4.032,68.2,1
23.899,94.1434,8,2015,10.33,781.0,0.05,104.5,1
27.583849,91.876945,7,2017,11.29,52.0,0.668,161.2,1
25.677671308782827,93.99516970838555,1,2018,0.01,1449.0,2.873,11.5,0
25.0821,91.7783,11,2015,0.09,1520.0,2.841,55.2,1
