event_id,lat,lon,year,month,rainfall,rainfall_unit,rainfall_city,elevation,slope,terrain_distance_km,event_observed,sample_type
,28.302194,90.905908,2011,7,10.075,mm/day monthly mean,Gangtok,3707.0,3.96,16.235,0,background_no_record
,24.669332,94.276208,2010,7,9.76,mm/day monthly mean,Imphal,788.0,0.874,35.451,0,background_no_record
1112.0,27.1761,88.5287,2009,8,7.782,mm/day monthly mean,Gangtok,465.0,5.853,53.276,1,catalogued_landslide
,24.413536,90.6444,2010,8,8.742,mm/day monthly mean,Agartala,5.0,0.111,36.599,0,background_no_record
6143.0,23.7327,92.7463,2014,7,6.302,mm/day monthly mean,Aizawl,580.0,1.042,29.176,1,catalogued_landslide
7371.0,23.9939,94.0573,2015,8,8.21,mm/day monthly mean,Imphal,1295.0,1.654,16.507,1,catalogued_landslide
,21.894033,91.236141,2010,7,5.509,mm/day monthly mean,Agartala,0.0,0.073,27.055,0,background_no_record
5275.0,26.1498,94.6055,2013,8,8.951,mm/day monthly mean,Kohima,2265.0,3.183,44.004,1,catalogued_landslide
,22.718497,94.463204,2007,7,18.371,mm/day monthly mean,Aizawl,291.0,1.185,48.823,0,background_no_record
,28.03255,88.552781,2015,7,5.286,mm/day monthly mean,Gangtok,5199.0,4.022,46.906,0,background_no_record
,27.141323,95.30729,2010,4,10.28,mm/day monthly mean,Itanagar,123.0,3.299,37.453,0,background_no_record
8222.0,26.1961,91.7825,2016,6,11.87,mm/day monthly mean,Guwahati,51.0,1.609,26.12,1,catalogued_landslide
6963.0,23.7131,92.7362,2015,6,12.648,mm/day monthly mean,Aizawl,580.0,1.042,31.136,1,catalogued_landslide
2261.0,26.9435,88.4445,2010,8,8.703,mm/day monthly mean,Gangtok,1651.0,4.124,44.061,1,catalogued_landslide
,22.728903,93.508404,2011,6,11.976,mm/day monthly mean,Aizawl,291.0,1.185,51.924,0,background_no_record
247.0,25.0604,93.9877,2007,9,5.586,mm/day monthly mean,Imphal,1000.0,1.887,3.621,1,catalogued_landslide
3560.0,24.8286,93.5935,2011,5,9.081,mm/day monthly mean,Imphal,1000.0,1.887,50.305,1,catalogued_landslide
1032.0,27.0095,88.2592,2009,5,6.673,mm/day monthly mean,Gangtok,1651.0,4.124,26.668,1,catalogued_landslide
5006.0,26.1147,94.3864,2013,7,10.405,mm/day monthly mean,Kohima,110.0,3.184,45.199,1,catalogued_landslide
,22.368606,94.222401,2012,6,13.48,mm/day monthly mean,Aizawl,291.0,1.185,35.932,0,background_no_record
,29.167433,97.454645,2015,6,21.278,mm/day monthly mean,Itanagar,2947.0,0.783,60.207,0,background_no_record
2201.0,27.0366,88.263,2010,8,8.703,mm/day monthly mean,Gangtok,1651.0,4.124,27.979,1,catalogued_landslide
3806.0,27.1032,93.6884,2011,7,19.513,mm/day monthly mean,Itanagar,81.0,3.361,35.526,1,catalogued_landslide
3943.0,27.138622,88.225518,2011,8,8.152,mm/day monthly mean,Gangtok,1651.0,4.124,31.022,1,catalogued_landslide
,23.870896,91.57942,2010,10,7.892,mm/day monthly mean,Agartala,81.0,1.28,42.805,0,background_no_record
3738.0,24.8063,93.9482,2011,7,9.452,mm/day monthly mean,Imphal,1000.0,1.887,32.085,1,catalogued_landslide
4905.0,26.0977,94.7031,2013,6,5.243,mm/day monthly mean,Kohima,2265.0,3.183,39.082,1,catalogued_landslide
4857.0,23.7281,92.7175,2013,5,18.068,mm/day monthly mean,Aizawl,580.0,1.042,32.02,1,catalogued_landslide
7701.0,25.6278,94.1051,2015,8,9.702,mm/day monthly mean,Kohima,1751.0,2.391,13.873,1,catalogued_landslide
7138.0,27.0816,88.4397,2015,7,5.286,mm/day monthly mean,Gangtok,1651.0,4.124,46.131,1,catalogued_landslide
,26.369929,93.309894,2016,7,16.745,mm/day monthly mean,Itanagar,461.0,1.88,31.246,0,background_no_record
7076.0,26.9282,88.4553,2015,7,5.286,mm/day monthly mean,Gangtok,1651.0,4.124,45.173,1,catalogued_landslide
,21.731996,89.908281,2010,7,5.509,mm/day monthly mean,Agartala,9.0,0.013,31.268,0,background_no_record
93.0,26.7324,88.4089,2007,6,3.381,mm/day monthly mean,Gangtok,1651.0,4.124,46.955,1,catalogued_landslide
,25.239053,95.347634,2014,9,6.07,mm/day monthly mean,Kohima,188.0,3.071,38.666,0,background_no_record
,22.554578,94.276587,2016,7,14.138,mm/day monthly mean,Aizawl,291.0,1.185,29.259,0,background_no_record
9252.0,27.5748,91.8644,2016,7,18.564,mm/day monthly mean,Guwahati,3096.0,4.235,13.42,1,catalogued_landslide
7409.0,25.72,94.6219,2015,8,9.702,mm/day monthly mean,Kohima,2295.0,3.184,37.899,1,catalogued_landslide
7037.0,26.8811,88.2779,2015,7,5.286,mm/day monthly mean,Gangtok,1651.0,4.124,28.456,1,catalogued_landslide
2279.0,26.9722,88.4481,2010,8,8.703,mm/day monthly mean,Gangtok,1651.0,4.124,44.515,1,catalogued_landslide
,25.293061,89.755929,2013,9,7.436,mm/day monthly mean,Shillong,18.0,1.182,33.285,0,background_no_record
,21.788479,91.684,2012,6,11.531,mm/day monthly mean,Agartala,29.0,1.567,40.202,0,background_no_record
9603.0,26.8861,88.1704,2016,10,2.604,mm/day monthly mean,Gangtok,1651.0,4.124,18.12,1,catalogued_landslide
1170.0,26.8342,88.2798,2009,9,2.412,mm/day monthly mean,Gangtok,1651.0,4.124,30.361,1,catalogued_landslide
,27.376969,89.430415,2010,8,8.703,mm/day monthly mean,Gangtok,3787.0,4.841,47.283,0,background_no_record
,24.956744,93.773088,2010,9,6.467,mm/day monthly mean,Imphal,1000.0,1.887,27.305,0,background_no_record
9405.0,26.7223,95.0243,2016,4,9.264,mm/day monthly mean,Itanagar,123.0,3.299,24.88,1,catalogued_landslide
9232.0,23.5397,93.3783,2016,7,14.138,mm/day monthly mean,Aizawl,959.0,1.325,51.294,1,catalogued_landslide
,21.543439,88.016579,2015,6,12.299,mm/day monthly mean,Agartala,5.0,0.001,50.796,0,background_no_record
,22.669386,95.746642,2014,9,5.564,mm/day monthly mean,Imphal,119.0,1.02,26.621,0,background_no_record
3912.0,27.44,92.2833,2011,8,10.278,mm/day monthly mean,Itanagar,3096.0,4.235,31.158,1,catalogued_landslide
,21.889588,88.592823,2015,8,11.574,mm/day monthly mean,Agartala,6.0,0.004,43.753,0,background_no_record
,28.838701,93.808322,2015,7,9.851,mm/day monthly mean,Itanagar,4230.0,5.203,19.163,0,background_no_record
,26.069861,91.662624,2010,7,10.155,mm/day monthly mean,Guwahati,51.0,1.609,44.165,0,background_no_record
,22.726275,89.292683,2013,7,6.835,mm/day monthly mean,Agartala,4.0,0.028,32.354,0,background_no_record
,25.662201,95.498704,2015,7,11.474,mm/day monthly mean,Kohima,2295.0,3.184,50.244,0,background_no_record
,29.265584,96.431211,2010,10,2.337,mm/day monthly mean,Itanagar,2741.0,3.033,66.616,0,background_no_record
2026.0,25.4916,91.2698,2010,6,21.761,mm/day monthly mean,Shillong,829.0,1.198,36.282,1,catalogued_landslide
7036.0,26.8352,88.1881,2015,7,5.286,mm/day monthly mean,Gangtok,1651.0,4.124,22.295,1,catalogued_landslide
,22.423921,87.71148,2013,8,8.056,mm/day monthly mean,Agartala,6.0,0.025,36.66,0,background_no_record
4424.0,26.149,91.7351,2012,6,20.722,mm/day monthly mean,Guwahati,51.0,1.609,33.012,1,catalogued_landslide
,23.197179,92.198009,2015,8,13.468,mm/day monthly mean,Aizawl,170.0,1.266,20.69,0,background_no_record
,29.444677,93.346388,2015,8,16.256,mm/day monthly mean,Itanagar,4375.0,4.276,79.189,0,background_no_record
,26.220607,88.450492,2012,6,3.636,mm/day monthly mean,Gangtok,59.0,2.32,46.449,0,background_no_record
,27.367959,96.283657,2015,7,9.851,mm/day monthly mean,Itanagar,167.0,3.515,35.474,0,background_no_record
3944.0,27.7344,88.633,2011,8,8.152,mm/day monthly mean,Gangtok,3787.0,4.841,40.813,1,catalogued_landslide
2113.0,27.3773,88.559,2010,7,10.173,mm/day monthly mean,Gangtok,3787.0,4.841,48.207,1,catalogued_landslide
5582.0,26.1309,91.8383,2013,10,6.867,mm/day monthly mean,Guwahati,51.0,1.609,27.122,1,catalogued_landslide
1857.0,25.3433,92.2897,2010,5,15.406,mm/day monthly mean,Shillong,15.0,1.488,40.452,1,catalogued_landslide
1771.0,26.1978,91.7665,2010,4,12.283,mm/day monthly mean,Guwahati,51.0,1.609,27.359,1,catalogued_landslide
,28.772519,92.795421,2007,9,11.856,mm/day monthly mean,Itanagar,4375.0,4.276,20.17,0,background_no_record
,21.681697,88.400479,2015,8,11.574,mm/day monthly mean,Agartala,5.0,0.001,54.418,0,background_no_record
1929.0,27.3543,88.6428,2010,5,4.33,mm/day monthly mean,Gangtok,3787.0,4.841,42.259,1,catalogued_landslide
2575.0,25.5242,92.9914,2010,10,6.01,mm/day monthly mean,Shillong,133.0,2.358,20.567,1,catalogued_landslide
,24.041085,88.281084,2012,6,11.531,mm/day monthly mean,Agartala,22.0,0.017,35.271,0,background_no_record
,28.868458,92.536329,2015,8,16.256,mm/day monthly mean,Itanagar,4375.0,4.276,45.803,0,background_no_record
,23.631707,88.897684,2015,6,12.299,mm/day monthly mean,Agartala,12.0,0.025,26.925,0,background_no_record
,23.74987,94.094226,2012,4,6.967,mm/day monthly mean,Imphal,1295.0,1.654,15.118,0,background_no_record
1168.0,27.1954,88.6115,2009,9,2.412,mm/day monthly mean,Gangtok,465.0,5.853,47.486,1,catalogued_landslide
,24.657039,90.691325,2014,9,10.014,mm/day monthly mean,Agartala,5.0,0.111,37.326,0,background_no_record
5431.0,24.9829,93.5063,2013,9,8.148,mm/day monthly mean,Imphal,1000.0,1.887,51.17,1,catalogued_landslide
2424.0,23.591,92.9296,2010,9,6.911,mm/day monthly mean,Aizawl,580.0,1.042,30.218,1,catalogued_landslide
,24.602734,93.908886,2009,10,4.85,mm/day monthly mean,Imphal,788.0,0.874,17.118,0,background_no_record
,21.966422,90.313839,2016,6,9.116,mm/day monthly mean,Agartala,9.0,0.013,32.575,0,background_no_record
,22.327224,93.376446,2007,8,7.636,mm/day monthly mean,Aizawl,1039.0,1.472,50.414,0,background_no_record
,27.800719,89.351793,2010,6,5.242,mm/day monthly mean,Gangtok,3787.0,4.841,43.506,0,background_no_record
,28.121049,93.816644,2013,7,14.215,mm/day monthly mean,Itanagar,1441.0,4.276,19.212,0,background_no_record
,25.973657,90.539501,2013,9,5.171,mm/day monthly mean,Guwahati,829.0,1.198,54.679,0,background_no_record
7780.0,23.3572,92.7878,2015,8,13.468,mm/day monthly mean,Aizawl,959.0,1.325,25.52,1,catalogued_landslide
6222.0,27.1249,93.7706,2014,10,0.756,mm/day monthly mean,Itanagar,81.0,3.361,30.272,1,catalogued_landslide
5271.0,26.284,94.5808,2013,8,8.951,mm/day monthly mean,Kohima,2265.0,3.183,42.059,1,catalogued_landslide
,23.085634,96.606382,2011,6,8.932,mm/day monthly mean,Imphal,819.0,1.07,43.576,0,background_no_record
,21.642694,88.59144,2016,7,15.384,mm/day monthly mean,Agartala,6.0,0.004,57.941,0,background_no_record
,21.617463,95.771734,2008,8,12.475,mm/day monthly mean,Aizawl,96.0,0.81,48.628,0,background_no_record
2042.0,26.0093,94.5238,2010,7,8.907,mm/day monthly mean,Kohima,2295.0,3.184,58.184,1,catalogued_landslide
,23.006576,87.812835,2007,9,7.518,mm/day monthly mean,Agartala,23.0,0.028,31.893,0,background_no_record
,23.776327,96.469968,2015,8,8.21,mm/day monthly mean,Imphal,140.0,0.99,48.602,0,background_no_record
4426.0,26.1226,91.7162,2012,6,20.722,mm/day monthly mean,Guwahati,51.0,1.609,36.304,1,catalogued_landslide
,29.377196,91.115361,2015,8,8.47,mm/day monthly mean,Gangtok,4557.0,2.721,65.153,0,background_no_record
,23.315275,94.19814,2011,6,11.976,mm/day monthly mean,Aizawl,160.0,1.654,22.075,0,background_no_record
,22.574935,91.153785,2015,9,6.639,mm/day monthly mean,Agartala,3.0,0.243,16.498,0,background_no_record
614.0,26.89,88.28,2008,6,6.378,mm/day monthly mean,Gangtok,1651.0,4.124,28.427,1,catalogued_landslide
4446.0,28.9986,94.8885,2012,7,13.792,mm/day monthly mean,Itanagar,2204.0,2.953,24.607,1,catalogued_landslide
,23.433111,93.192121,2007,9,9.344,mm/day monthly mean,Aizawl,959.0,1.325,29.414,0,background_no_record
,27.176626,89.231278,2007,9,5.628,mm/day monthly mean,Gangtok,465.0,5.853,34.465,0,background_no_record
,23.765975,93.114894,2015,7,25.132,mm/day monthly mean,Aizawl,580.0,1.042,15.317,0,background_no_record
4571.0,27.6558,88.605,2012,9,5.529,mm/day monthly mean,Gangtok,3787.0,4.841,40.237,1,catalogued_landslide
2106.0,26.8716,94.9921,2010,7,13.122,mm/day monthly mean,Itanagar,123.0,3.299,8.199,1,catalogued_landslide
,21.537931,96.033695,2011,8,14.873,mm/day monthly mean,Aizawl,96.0,0.81,51.497,0,background_no_record
,25.923945,96.8614,2016,7,10.073,mm/day monthly mean,Kohima,1700.0,2.199,27.635,0,background_no_record
2420.0,23.72989,92.714956,2010,9,6.911,mm/day monthly mean,Aizawl,580.0,1.042,32.166,1,catalogued_landslide
,22.351356,97.491047,2009,8,7.68,mm/day monthly mean,Imphal,652.0,0.826,58.518,0,background_no_record
4908.0,27.3721,88.708,2013,6,5.723,mm/day monthly mean,Gangtok,3787.0,4.841,35.851,1,catalogued_landslide
,27.301467,94.580912,2015,6,21.278,mm/day monthly mean,Itanagar,105.0,3.605,50.625,0,background_no_record
7263.0,25.4477,94.0489,2015,7,11.474,mm/day monthly mean,Kohima,1751.0,2.391,29.466,1,catalogued_landslide
,25.171326,93.187412,2007,7,5.205,mm/day monthly mean,Imphal,1036.0,1.488,20.874,0,background_no_record
,28.776418,93.371239,2011,7,19.513,mm/day monthly mean,Itanagar,4375.0,4.276,36.273,0,background_no_record
,27.044763,89.229439,2015,8,8.47,mm/day monthly mean,Gangtok,465.0,5.853,25.295,0,background_no_record
,24.599827,90.383281,2016,4,7.632,mm/day monthly mean,Agartala,18.0,0.022,41.256,0,background_no_record
,28.360577,92.127994,2009,8,16.999,mm/day monthly mean,Itanagar,4991.0,6.093,23.482,0,background_no_record
,26.847224,92.210962,2009,8,11.344,mm/day monthly mean,Guwahati,1155.0,2.829,23.577,0,background_no_record
,22.175555,91.658074,2011,7,7.563,mm/day monthly mean,Agartala,29.0,1.567,40.277,0,background_no_record
7264.0,25.4538,93.9827,2015,7,11.474,mm/day monthly mean,Kohima,1751.0,2.391,28.43,1,catalogued_landslide
3986.0,27.0605,88.255,2011,9,5.634,mm/day monthly mean,Gangtok,1651.0,4.124,28.341,1,catalogued_landslide
6284.0,26.1324,91.8342,2014,9,13.389,mm/day monthly mean,Guwahati,51.0,1.609,27.235,1,catalogued_landslide
2281.0,25.615603,94.116035,2010,8,4.905,mm/day monthly mean,Kohima,1751.0,2.391,15.592,1,catalogued_landslide
7728.0,26.1028,91.8806,2015,8,12.859,mm/day monthly mean,Guwahati,51.0,1.609,27.629,1,catalogued_landslide
,28.135429,95.468171,2008,10,3.06,mm/day monthly mean,Itanagar,660.0,5.203,46.188,0,background_no_record
7778.0,23.8447,93.0514,2015,8,13.468,mm/day monthly mean,Aizawl,580.0,1.042,5.351,1,catalogued_landslide
,29.457614,94.245975,2015,8,16.256,mm/day monthly mean,Itanagar,4230.0,5.203,76.927,0,background_no_record
7139.0,26.8826,88.2806,2015,7,5.286,mm/day monthly mean,Gangtok,1651.0,4.124,28.674,1,catalogued_landslide
5427.0,25.3833,94.1884,2013,8,8.951,mm/day monthly mean,Kohima,1000.0,1.887,37.623,1,catalogued_landslide
,23.071477,90.603237,2007,9,7.518,mm/day monthly mean,Agartala,10.0,0.233,44.499,0,background_no_record
,27.408643,90.671532,2011,8,14.334,mm/day monthly mean,Guwahati,2760.0,5.34,36.719,0,background_no_record
4382.0,25.1175,92.8573,2012,6,25.167,mm/day monthly mean,Shillong,1036.0,1.488,14.668,1,catalogued_landslide
4860.0,26.1016,91.6906,2013,5,15.906,mm/day monthly mean,Guwahati,51.0,1.609,39.76,1,catalogued_landslide
6112.0,26.1964,91.7652,2014,6,12.959,mm/day monthly mean,Guwahati,51.0,1.609,27.552,1,catalogued_landslide
,28.316124,92.547915,2013,8,12.931,mm/day monthly mean,Itanagar,3706.0,4.22,46.726,0,background_no_record
4378.0,28.8254,96.1517,2012,6,16.413,mm/day monthly mean,Itanagar,2741.0,3.033,15.047,1,catalogued_landslide
4892.0,27.8776,94.25,2013,6,10.272,mm/day monthly mean,Itanagar,1441.0,4.276,41.806,1,catalogued_landslide
7033.0,27.0161,88.2478,2015,6,5.97,mm/day monthly mean,Gangtok,1651.0,4.124,25.796,1,catalogued_landslide
,24.394501,88.376499,2015,8,11.574,mm/day monthly mean,Agartala,29.0,0.025,39.102,0,background_no_record
,26.571801,88.558974,2015,8,8.47,mm/day monthly mean,Gangtok,60.0,2.319,51.66,0,background_no_record
220.0,25.1333,93.9667,2007,8,3.464,mm/day monthly mean,Imphal,1000.0,1.887,5.776,1,catalogued_landslide
,24.863054,97.092093,2010,5,5.802,mm/day monthly mean,Kohima,191.0,2.199,26.993,0,background_no_record
7336.0,25.2193,90.5549,2015,8,17.685,mm/day monthly mean,Shillong,7.0,1.28,47.016,1,catalogued_landslide
,25.700706,89.137513,2015,8,8.47,mm/day monthly mean,Gangtok,38.0,0.032,13.808,0,background_no_record
,22.734316,94.33049,2010,6,18.226,mm/day monthly mean,Aizawl,291.0,1.185,36.291,0,background_no_record
7390.0,24.4265,94.1913,2015,8,8.21,mm/day monthly mean,Imphal,788.0,0.874,20.042,1,catalogued_landslide
2214.0,27.0375,88.2627,2010,8,8.703,mm/day monthly mean,Gangtok,1651.0,4.124,27.988,1,catalogued_landslide
2182.0,24.9356,93.8443,2010,7,9.76,mm/day monthly mean,Imphal,1000.0,1.887,23.34,1,catalogued_landslide
,23.468533,88.155304,2015,8,11.574,mm/day monthly mean,Agartala,23.0,0.028,30.33,0,background_no_record
5123.0,25.7131,94.0885,2013,7,10.405,mm/day monthly mean,Kohima,1751.0,2.391,8.878,1,catalogued_landslide
,28.005275,90.683991,2007,8,4.986,mm/day monthly mean,Gangtok,3707.0,3.96,36.702,0,background_no_record
1770.0,26.1965,91.763,2010,4,12.283,mm/day monthly mean,Guwahati,51.0,1.609,27.732,1,catalogued_landslide
2421.0,23.754067,92.741285,2010,9,6.911,mm/day monthly mean,Aizawl,580.0,1.042,28.613,1,catalogued_landslide
3633.0,26.3186,94.5121,2011,6,8.031,mm/day monthly mean,Kohima,2265.0,3.183,48.636,1,catalogued_landslide
2205.0,23.7365,92.7146,2010,8,9.232,mm/day monthly mean,Aizawl,580.0,1.042,31.887,1,catalogued_landslide
,24.997215,95.826782,2010,6,10.485,mm/day monthly mean,Kohima,243.0,2.99,20.329,0,background_no_record
,27.691648,91.888784,2009,7,13.312,mm/day monthly mean,Guwahati,3096.0,4.235,17.931,0,background_no_record
1061.0,27.478,88.527,2009,7,6.755,mm/day monthly mean,Gangtok,3787.0,4.841,47.614,1,catalogued_landslide
1088.0,26.886764,88.280447,2009,8,7.782,mm/day monthly mean,Gangtok,1651.0,4.124,28.55,1,catalogued_landslide
,23.408423,95.994088,2011,7,9.452,mm/day monthly mean,Imphal,85.0,1.07,19.182,0,background_no_record
,22.253419,97.256224,2009,7,6.398,mm/day monthly mean,Imphal,615.0,0.756,38.608,0,background_no_record
,22.172923,89.936675,2012,6,11.531,mm/day monthly mean,Agartala,9.0,0.013,20.305,0,background_no_record
9618.0,26.9343,88.4486,2016,10,2.604,mm/day monthly mean,Gangtok,1651.0,4.124,44.485,1,catalogued_landslide
,25.320047,95.114326,2011,8,9.106,mm/day monthly mean,Kohima,188.0,3.071,27.946,0,background_no_record
,21.652273,89.154878,2010,7,5.509,mm/day monthly mean,Agartala,6.0,0.004,41.84,0,background_no_record
,23.361126,92.807696,2007,9,9.344,mm/day monthly mean,Aizawl,959.0,1.325,24.069,0,background_no_record
2579.0,25.682,94.1076,2010,10,4.221,mm/day monthly mean,Kohima,1751.0,2.391,11.192,1,catalogued_landslide
1106.0,26.8992,88.1667,2009,8,7.782,mm/day monthly mean,Gangtok,1651.0,4.124,17.294,1,catalogued_landslide
,22.444047,97.118977,2011,6,8.932,mm/day monthly mean,Imphal,652.0,0.826,22.879,0,background_no_record
,26.650921,95.727616,2013,7,10.405,mm/day monthly mean,Kohima,1204.0,1.771,42.428,0,background_no_record
2343.0,25.4786,94.1327,2010,8,4.905,mm/day monthly mean,Kohima,1751.0,2.391,28.869,1,catalogued_landslide
,24.510876,97.366315,2007,9,5.586,mm/day monthly mean,Imphal,415.0,0.401,37.306,0,background_no_record
3525.0,25.0672,93.4093,2011,5,9.081,mm/day monthly mean,Imphal,1036.0,1.488,41.306,1,catalogued_landslide
1111.0,27.1344,88.4575,2009,8,7.782,mm/day monthly mean,Gangtok,1651.0,4.124,49.966,1,catalogued_landslide
,28.402117,87.512331,2016,7,13.366,mm/day monthly mean,Gangtok,4396.0,1.17,53.656,0,background_no_record
,25.168385,91.923141,2013,9,7.436,mm/day monthly mean,Shillong,15.0,1.488,11.572,0,background_no_record
,24.164753,91.81327,2010,8,8.742,mm/day monthly mean,Agartala,23.0,1.476,39.151,0,background_no_record
,27.00132,94.554064,2015,8,16.256,mm/day monthly mean,Itanagar,123.0,3.299,44.633,0,background_no_record
1093.0,26.882115,88.319532,2009,8,7.782,mm/day monthly mean,Gangtok,1651.0,4.124,32.445,1,catalogued_landslide
2568.0,24.7679,93.4108,2010,10,5.701,mm/day monthly mean,Imphal,249.0,1.524,52.912,1,catalogued_landslide
,26.347401,95.514818,2012,6,8.395,mm/day monthly mean,Kohima,289.0,3.104,48.403,0,background_no_record
8900.0,25.0118,94.3136,2016,7,9.359,mm/day monthly mean,Imphal,1000.0,1.887,32.795,1,catalogued_landslide
,26.693192,94.202033,2013,5,9.615,mm/day monthly mean,Itanagar,81.0,3.361,34.437,0,background_no_record
5429.0,27.3425,88.2426,2013,9,3.464,mm/day monthly mean,Gangtok,4481.0,5.853,34.346,1,catalogued_landslide
,26.324857,91.625716,2013,8,6.398,mm/day monthly mean,Guwahati,51.0,1.609,37.303,0,background_no_record
9051.0,26.097482,91.874434,2016,7,18.564,mm/day monthly mean,Guwahati,51.0,1.609,28.43,1,catalogued_landslide
,24.493472,91.758821,2015,9,6.639,mm/day monthly mean,Agartala,23.0,1.476,24.512,0,background_no_record
,21.838804,96.341457,2014,6,10.715,mm/day monthly mean,Imphal,96.0,0.81,39.522,0,background_no_record
,23.79157,96.748084,2007,8,3.464,mm/day monthly mean,Imphal,166.0,0.952,26.578,0,background_no_record
,22.436829,88.37709,2009,8,11.286,mm/day monthly mean,Agartala,6.0,0.025,43.657,0,background_no_record
,27.799458,92.991444,2016,6,10.478,mm/day monthly mean,Itanagar,810.0,6.093,26.195,0,background_no_record
,26.563341,90.381556,2012,9,5.52,mm/day monthly mean,Guwahati,54.0,1.148,46.192,0,background_no_record
,22.392803,91.345044,2010,7,5.509,mm/day monthly mean,Agartala,3.0,0.243,43.398,0,background_no_record
714.0,27.163,94.0,2008,8,14.201,mm/day monthly mean,Itanagar,81.0,3.361,24.24,1,catalogued_landslide
,24.951346,93.760125,2014,6,10.715,mm/day monthly mean,Imphal,1000.0,1.887,28.728,0,background_no_record
,27.935135,92.827223,2015,8,16.256,mm/day monthly mean,Itanagar,3706.0,4.22,32.264,0,background_no_record
4906.0,26.0977,94.7499,2013,6,5.243,mm/day monthly mean,Kohima,2265.0,3.183,35.673,1,catalogued_landslide
7933.0,26.1868,91.6739,2015,9,9.843,mm/day monthly mean,Guwahati,51.0,1.609,36.063,1,catalogued_landslide
,28.98902,91.87904,2013,8,12.931,mm/day monthly mean,Itanagar,5262.0,2.268,24.092,0,background_no_record
,25.06925,91.310212,2009,8,15.893,mm/day monthly mean,Shillong,7.0,1.28,31.335,0,background_no_record
,27.379145,89.524046,2010,6,5.242,mm/day monthly mean,Gangtok,2439.0,5.807,51.258,0,background_no_record
,28.620156,93.438305,2013,5,9.615,mm/day monthly mean,Itanagar,4375.0,4.276,47.192,0,background_no_record
,26.945716,91.436305,2015,8,12.859,mm/day monthly mean,Guwahati,842.0,3.285,43.248,0,background_no_record
,28.212558,97.403217,2015,9,7.727,mm/day monthly mean,Itanagar,2410.0,3.269,39.661,0,background_no_record
5485.0,27.6047,88.6463,2013,9,3.464,mm/day monthly mean,Gangtok,3787.0,4.841,35.152,1,catalogued_landslide
8237.0,27.0136,92.6351,2016,7,16.745,mm/day monthly mean,Itanagar,190.0,4.235,36.955,1,catalogued_landslide
6214.0,25.9702,91.8587,2014,10,1.916,mm/day monthly mean,Guwahati,885.0,1.28,32.304,1,catalogued_landslide
,27.306157,93.169378,2015,8,16.256,mm/day monthly mean,Itanagar,810.0,6.093,33.188,0,background_no_record
,27.835795,95.338241,2013,8,12.931,mm/day monthly mean,Itanagar,105.0,3.605,44.97,0,background_no_record
1963.0,26.944,88.4441,2010,6,5.242,mm/day monthly mean,Gangtok,1651.0,4.124,44.021,1,catalogued_landslide
,26.221563,95.994353,2014,10,1.16,mm/day monthly mean,Kohima,289.0,3.104,11.738,0,background_no_record
5273.0,26.1807,94.5497,2013,8,8.951,mm/day monthly mean,Kohima,2265.0,3.183,47.762,1,catalogued_landslide
,25.233768,87.938038,2009,8,7.782,mm/day monthly mean,Gangtok,23.0,0.022,17.056,0,background_no_record
,26.261703,91.423691,2011,5,5.927,mm/day monthly mean,Guwahati,49.0,1.612,42.857,0,background_no_record
,25.131175,89.978396,2016,7,15.384,mm/day monthly mean,Agartala,18.0,1.182,4.969,0,background_no_record
7373.0,24.9111,94.4759,2015,8,8.21,mm/day monthly mean,Imphal,1000.0,1.887,51.964,1,catalogued_landslide
1755.0,27.3341,88.6083,2010,4,0.59,mm/day monthly mean,Gangtok,3787.0,4.841,46.341,1,catalogued_landslide
2425.0,23.3439,93.0748,2010,9,6.911,mm/day monthly mean,Aizawl,959.0,1.325,14.224,1,catalogued_landslide
3925.0,27.4888,93.0153,2011,8,10.278,mm/day monthly mean,Itanagar,810.0,6.093,8.497,1,catalogued_landslide
148.0,22.479,92.967,2007,7,18.371,mm/day monthly mean,Aizawl,1039.0,1.472,15.823,1,catalogued_landslide
,26.20645,90.670409,2009,8,11.344,mm/day monthly mean,Guwahati,49.0,1.612,35.493,0,background_no_record
6990.0,26.0319,94.5466,2015,6,9.655,mm/day monthly mean,Kohima,2265.0,3.183,55.89,1,catalogued_landslide
,26.959964,88.897525,2013,8,8.214,mm/day monthly mean,Gangtok,465.0,5.853,10.292,0,background_no_record
,22.076473,95.919932,2010,9,6.467,mm/day monthly mean,Imphal,96.0,0.81,11.85,0,background_no_record
,27.676839,90.609615,2013,8,8.214,mm/day monthly mean,Gangtok,2760.0,5.34,40.457,0,background_no_record
9334.0,24.5204,92.7264,2016,5,13.977,mm/day monthly mean,Aizawl,249.0,1.524,28.182,1,catalogued_landslide
7666.0,25.1019,93.3729,2015,8,8.21,mm/day monthly mean,Imphal,1036.0,1.488,37.57,1,catalogued_landslide
4377.0,26.1475,91.7356,2012,6,20.722,mm/day monthly mean,Guwahati,51.0,1.609,33.073,1,catalogued_landslide
1056.0,27.04,88.264,2009,7,6.755,mm/day monthly mean,Gangtok,1651.0,4.124,28.21,1,catalogued_landslide
1102.0,27.2644,88.1365,2009,8,7.782,mm/day monthly mean,Gangtok,4481.0,5.853,35.936,1,catalogued_landslide
147.0,22.533,92.899,2007,7,18.371,mm/day monthly mean,Aizawl,1039.0,1.472,14.031,1,catalogued_landslide
,27.727068,89.446387,2009,7,6.755,mm/day monthly mean,Gangtok,3787.0,4.841,47.561,0,background_no_record
1127.0,25.1718,93.123,2009,8,7.68,mm/day monthly mean,Imphal,1036.0,1.488,15.298,1,catalogued_landslide
242.0,26.8833,88.2833,2007,9,5.628,mm/day monthly mean,Gangtok,1651.0,4.124,28.915,1,catalogued_landslide
,22.032471,93.444337,2009,8,12.018,mm/day monthly mean,Aizawl,1104.0,1.567,45.947,0,background_no_record
,23.439863,92.298634,2015,7,25.132,mm/day monthly mean,Aizawl,170.0,1.266,37.993,0,background_no_record
3813.0,27.1141,88.4658,2011,7,10.075,mm/day monthly mean,Gangtok,1651.0,4.124,49.822,1,catalogued_landslide
,22.45374,88.840946,2015,8,11.574,mm/day monthly mean,Agartala,4.0,0.028,24.504,0,background_no_record
9219.0,26.0101,94.5282,2016,7,10.073,mm/day monthly mean,Kohima,2295.0,3.184,57.876,1,catalogued_landslide
2422.0,23.741826,92.714191,2010,9,6.911,mm/day monthly mean,Aizawl,580.0,1.042,31.685,1,catalogued_landslide
,25.690024,88.516719,2015,8,8.47,mm/day monthly mean,Gangtok,38.0,0.032,48.469,0,background_no_record
5122.0,25.7658,93.9413,2013,7,10.405,mm/day monthly mean,Kohima,1751.0,2.391,8.629,1,catalogued_landslide
,23.777761,89.036134,2008,6,8.432,mm/day monthly mean,Agartala,12.0,0.025,9.342,0,background_no_record
,26.762906,91.686083,2015,8,12.859,mm/day monthly mean,Guwahati,1155.0,2.829,37.145,0,background_no_record
9142.0,26.3185,94.5247,2016,6,7.885,mm/day monthly mean,Kohima,2265.0,3.183,47.38,1,catalogued_landslide
,28.94989,88.697336,2015,8,8.47,mm/day monthly mean,Gangtok,4680.0,2.542,33.857,0,background_no_record
4435.0,27.174,95.8011,2012,6,16.413,mm/day monthly mean,Itanagar,1204.0,1.771,32.192,1,catalogued_landslide
,22.260766,94.757156,2010,10,9.152,mm/day monthly mean,Aizawl,142.0,0.359,38.294,0,background_no_record
,23.6986,96.365576,2012,6,8.632,mm/day monthly mean,Imphal,140.0,0.99,41.064,0,background_no_record
2043.0,26.7225,95.0281,2010,7,13.122,mm/day monthly mean,Itanagar,123.0,3.299,24.897,1,catalogued_landslide
6106.0,26.1407,91.7645,2014,6,12.959,mm/day monthly mean,Guwahati,51.0,1.609,31.319,1,catalogued_landslide
,27.589118,95.360643,2010,7,13.122,mm/day monthly mean,Itanagar,105.0,3.605,35.655,0,background_no_record
9074.0,27.1176,88.1069,2016,7,13.366,mm/day monthly mean,Gangtok,1651.0,4.124,21.919,1,catalogued_landslide
6783.0,26.8546,88.3373,2012,7,8.485,mm/day monthly mean,Gangtok,1651.0,4.124,34.926,1,catalogued_landslide
2423.0,23.735045,92.710609,2010,9,6.911,mm/day monthly mean,Aizawl,580.0,1.042,32.324,1,catalogued_landslide
5300.0,25.318,94.0441,2013,8,8.951,mm/day monthly mean,Kohima,1000.0,1.887,25.628,1,catalogued_landslide
7383.0,23.899,94.1434,2015,8,8.21,mm/day monthly mean,Imphal,1295.0,1.654,15.38,1,catalogued_landslide
6775.0,26.1468,91.6469,2015,2,0.739,mm/day monthly mean,Guwahati,51.0,1.609,40.519,1,catalogued_landslide
,21.599759,95.460286,2015,2,0.72,mm/day monthly mean,Aizawl,142.0,0.359,65.107,0,background_no_record
,26.021889,95.149989,2010,9,6.686,mm/day monthly mean,Kohima,2265.0,3.183,37.082,0,background_no_record
8012.0,25.9703,91.8584,2015,9,9.843,mm/day monthly mean,Guwahati,885.0,1.28,32.327,1,catalogued_landslide
,23.000749,88.348116,2015,7,21.964,mm/day monthly mean,Agartala,23.0,0.028,44.177,0,background_no_record
5533.0,27.0599,88.4674,2013,9,3.464,mm/day monthly mean,Gangtok,1651.0,4.124,48.037,1,catalogued_landslide
2034.0,26.8712,88.3052,2010,7,10.173,mm/day monthly mean,Gangtok,1651.0,4.124,31.355,1,catalogued_landslide
870.0,27.4,92.35,2008,10,3.06,mm/day monthly mean,Itanagar,3096.0,4.235,39.047,1,catalogued_landslide
2574.0,25.4749,93.1477,2010,10,4.221,mm/day monthly mean,Kohima,133.0,2.358,29.95,1,catalogued_landslide
,29.168474,92.323034,2007,6,16.785,mm/day monthly mean,Itanagar,5262.0,2.268,51.633,0,background_no_record
,23.073937,91.27206,2009,5,9.682,mm/day monthly mean,Agartala,10.0,0.233,33.142,0,background_no_record
5343.0,24.7625,93.4341,2013,8,9.71,mm/day monthly mean,Imphal,249.0,1.524,54.423,1,catalogued_landslide
7836.0,24.042,92.6724,2015,8,13.468,mm/day monthly mean,Aizawl,580.0,1.042,39.252,1,catalogued_landslide
319.0,25.4379,94.1162,2007,10,2.635,mm/day monthly mean,Kohima,1751.0,2.391,32.32,1,catalogued_landslide
7375.0,25.1941,94.4481,2015,8,9.702,mm/day monthly mean,Kohima,1000.0,1.887,46.54,1,catalogued_landslide
6015.0,27.9032,96.174,2014,5,13.092,mm/day monthly mean,Itanagar,2579.0,3.605,35.393,1,catalogued_landslide
4610.0,23.7705,92.5217,2012,11,1.06,mm/day monthly mean,Aizawl,580.0,1.042,49.556,1,catalogued_landslide
,23.156164,90.520716,2010,8,8.742,mm/day monthly mean,Agartala,10.0,0.233,49.784,0,background_no_record
1930.0,28.4298,95.8776,2010,5,8.252,mm/day monthly mean,Itanagar,2579.0,3.605,30.047,1,catalogued_landslide
,28.82239,92.469166,2010,8,13.444,mm/day monthly mean,Itanagar,5262.0,2.268,45.779,0,background_no_record
,22.556823,93.643797,2015,7,25.132,mm/day monthly mean,Aizawl,291.0,1.185,37.197,0,background_no_record
,22.524909,92.003859,2012,9,5.902,mm/day monthly mean,Aizawl,50.0,1.536,10.359,0,background_no_record
,29.068217,90.033834,2014,9,4.608,mm/day monthly mean,Gangtok,4959.0,2.135,30.006,0,background_no_record
5552.0,25.0985,94.3619,2013,9,8.148,mm/day monthly mean,Imphal,1000.0,1.887,36.452,1,catalogued_landslide
,26.825478,94.00125,2010,8,13.444,mm/day monthly mean,Itanagar,81.0,3.361,13.291,0,background_no_record
1613.0,27.8997,93.3497,2010,4,10.28,mm/day monthly mean,Itanagar,3706.0,4.22,46.511,1,catalogued_landslide
5430.0,24.9037,93.487,2013,9,8.148,mm/day monthly mean,Imphal,1036.0,1.488,53.315,1,catalogued_landslide
1091.0,27.024598,88.438496,2009,8,7.782,mm/day monthly mean,Gangtok,1651.0,4.124,44.342,1,catalogued_landslide
,25.011292,87.716121,2015,6,5.97,mm/day monthly mean,Gangtok,23.0,0.022,29.939,0,background_no_record
9464.0,27.5754,91.9754,2016,8,3.98,mm/day monthly mean,Guwahati,3096.0,4.235,2.736,1,catalogued_landslide
7591.0,25.0318,92.4584,2015,3,1.037,mm/day monthly mean,Shillong,15.0,1.488,46.64,1,catalogued_landslide
9604.0,27.2676,88.2891,2016,10,2.604,mm/day monthly mean,Gangtok,4481.0,5.853,43.595,1,catalogued_landslide
,25.558342,97.417745,2013,10,3.412,mm/day monthly mean,Kohima,1700.0,2.199,45.106,0,background_no_record
1125.0,27.3746,88.7648,2009,8,7.782,mm/day monthly mean,Gangtok,3787.0,4.841,31.337,1,catalogued_landslide
8223.0,23.7348,92.7187,2015,9,9.021,mm/day monthly mean,Aizawl,580.0,1.042,31.587,1,catalogued_landslide
,23.90759,92.38584,2012,9,5.902,mm/day monthly mean,Aizawl,81.0,1.28,39.664,0,background_no_record
2436.0,24.3069,93.125,2010,9,6.911,mm/day monthly mean,Aizawl,249.0,1.524,22.391,1,catalogued_landslide
,27.223257,94.88984,2010,8,13.444,mm/day monthly mean,Itanagar,123.0,3.299,32.807,0,background_no_record
,23.341712,87.874126,2013,8,8.056,mm/day monthly mean,Agartala,23.0,0.028,17.42,0,background_no_record
133.0,23.9304,88.2374,2007,7,22.951,mm/day monthly mean,Agartala,22.0,0.017,25.55,1,catalogued_landslide
4861.0,24.9926,93.4946,2013,5,11.091,mm/day monthly mean,Imphal,1036.0,1.488,51.014,1,catalogued_landslide
,23.62696,97.191764,2011,7,9.452,mm/day monthly mean,Imphal,166.0,0.952,31.999,0,background_no_record
,22.47466,92.563299,2010,8,9.232,mm/day monthly mean,Aizawl,1039.0,1.472,47.596,0,background_no_record
7887.0,27.8835,96.9262,2015,8,16.256,mm/day monthly mean,Itanagar,2410.0,3.269,33.973,1,catalogued_landslide
,25.323018,91.668894,2015,6,17.653,mm/day monthly mean,Shillong,15.0,1.488,42.134,0,background_no_record
,24.00056,88.009605,2010,8,8.742,mm/day monthly mean,Agartala,22.0,0.017,16.215,0,background_no_record
2576.0,25.4788,94.1399,2010,10,4.221,mm/day monthly mean,Kohima,1751.0,2.391,29.19,1,catalogued_landslide
3632.0,27.0638,88.4659,2011,6,5.607,mm/day monthly mean,Gangtok,1651.0,4.124,48.01,1,catalogued_landslide
,23.393299,94.960143,2013,7,11.306,mm/day monthly mean,Imphal,257.0,1.513,17.958,0,background_no_record
,22.037333,89.51979,2010,9,6.237,mm/day monthly mean,Agartala,9.0,0.013,49.676,0,background_no_record
4313.0,28.4659,95.86,2012,4,6.354,mm/day monthly mean,Itanagar,2579.0,3.605,34.414,1,catalogued_landslide
,23.827343,92.650571,2013,6,9.709,mm/day monthly mean,Aizawl,580.0,1.042,35.672,0,background_no_record
,28.138318,95.582515,2011,5,8.738,mm/day monthly mean,Itanagar,2579.0,3.605,41.215,0,background_no_record
2283.0,24.8961,93.4957,2010,8,4.347,mm/day monthly mean,Imphal,1036.0,1.488,54.456,1,catalogued_landslide
8930.0,26.1699,94.4922,2016,7,10.073,mm/day monthly mean,Kohima,110.0,3.184,52.102,1,catalogued_landslide
6282.0,26.1097,91.7747,2014,9,13.389,mm/day monthly mean,Guwahati,51.0,1.609,32.999,1,catalogued_landslide
5087.0,25.6269,94.1139,2013,7,10.405,mm/day monthly mean,Kohima,1751.0,2.391,14.617,1,catalogued_landslide
,24.106603,91.204597,2010,10,7.892,mm/day monthly mean,Agartala,3.0,0.243,34.854,0,background_no_record
7279.0,24.9818,93.5142,2015,7,12.858,mm/day monthly mean,Imphal,1000.0,1.887,50.427,1,catalogued_landslide
,28.327225,89.839395,2009,8,7.782,mm/day monthly mean,Gangtok,6424.0,5.807,22.544,0,background_no_record
,24.653006,91.666096,2012,11,1.466,mm/day monthly mean,Agartala,23.0,1.476,39.255,0,background_no_record
,21.888554,92.107696,2015,7,25.132,mm/day monthly mean,Aizawl,29.0,1.567,16.642,0,background_no_record
,25.505929,88.938975,2014,7,5.992,mm/day monthly mean,Gangtok,38.0,0.032,23.395,0,background_no_record
,23.098205,95.541245,2010,9,6.467,mm/day monthly mean,Imphal,85.0,1.07,49.337,0,background_no_record
258.0,24.4279,94.0564,2007,9,5.586,mm/day monthly mean,Imphal,788.0,0.874,7.599,1,catalogued_landslide
2566.0,25.4769,94.1351,2010,10,4.221,mm/day monthly mean,Kohima,1751.0,2.391,29.148,1,catalogued_landslide
,21.927055,93.411438,2011,8,14.873,mm/day monthly mean,Aizawl,1104.0,1.567,43.198,0,background_no_record
141.0,25.38,91.88,2007,7,17.958,mm/day monthly mean,Shillong,15.0,1.488,34.327,1,catalogued_landslide
7335.0,25.5145,90.2023,2015,8,12.859,mm/day monthly mean,Guwahati,31.0,1.163,29.651,1,catalogued_landslide
4858.0,26.1662,91.7138,2013,5,15.906,mm/day monthly mean,Guwahati,51.0,1.609,33.681,1,catalogued_landslide
,24.235416,94.676391,2013,10,3.615,mm/day monthly mean,Imphal,204.0,1.59,42.102,0,background_no_record
,22.45738,91.149194,2010,6,15.652,mm/day monthly mean,Agartala,3.0,0.243,23.532,0,background_no_record
,29.354448,93.703577,2016,8,7.072,mm/day monthly mean,Itanagar,4230.0,5.203,68.05,0,background_no_record
,29.20569,95.320052,2013,10,5.803,mm/day monthly mean,Itanagar,2204.0,2.953,54.806,0,background_no_record
6287.0,26.1295,91.7056,2014,9,13.389,mm/day monthly mean,Guwahati,51.0,1.609,36.669,1,catalogued_landslide
,28.50004,96.011316,2013,2,0.305,mm/day monthly mean,Itanagar,2741.0,3.033,33.372,0,background_no_record
,24.732275,92.241687,2010,9,14.184,mm/day monthly mean,Shillong,23.0,1.476,37.792,0,background_no_record
9404.0,28.0822,96.5316,2016,5,8.407,mm/day monthly mean,Itanagar,2410.0,3.269,47.252,1,catalogued_landslide
,22.632767,91.982456,2008,6,9.184,mm/day monthly mean,Aizawl,50.0,1.536,2.437,0,background_no_record
,22.175946,96.859398,2009,8,7.68,mm/day monthly mean,Imphal,615.0,0.756,24.344,0,background_no_record
9620.0,27.172,88.5292,2016,10,2.604,mm/day monthly mean,Gangtok,465.0,5.853,53.015,1,catalogued_landslide
3932.0,25.83,94.13,2011,8,9.106,mm/day monthly mean,Kohima,1751.0,2.391,18.721,1,catalogued_landslide
7038.0,26.8781,88.2807,2015,7,5.286,mm/day monthly mean,Gangtok,1651.0,4.124,28.809,1,catalogued_landslide
,26.723377,97.053494,2016,10,2.969,mm/day monthly mean,Kohima,2419.0,3.282,25.208,0,background_no_record
595.0,26.885,88.2778,2008,6,6.378,mm/day monthly mean,Gangtok,1651.0,4.124,28.34,1,catalogued_landslide
2164.0,25.309863,94.482147,2010,7,8.907,mm/day monthly mean,Kohima,1000.0,1.887,54.272,1,catalogued_landslide
2247.0,26.148,94.8422,2010,8,4.905,mm/day monthly mean,Kohima,2265.0,3.183,25.375,1,catalogued_landslide
9215.0,27.1758,88.5294,2016,1,0.273,mm/day monthly mean,Gangtok,465.0,5.853,53.199,1,catalogued_landslide
94.0,26.8096,88.526,2007,6,3.381,mm/day monthly mean,Gangtok,465.0,5.853,49.365,1,catalogued_landslide
,28.922363,95.221084,2015,7,9.851,mm/day monthly mean,Itanagar,2204.0,2.953,25.469,0,background_no_record
,27.393646,96.364029,2007,9,11.856,mm/day monthly mean,Itanagar,167.0,3.515,40.601,0,background_no_record
,21.513286,88.620704,2013,8,8.056,mm/day monthly mean,Agartala,6.0,0.004,66.809,0,background_no_record
,28.158078,95.547644,2010,6,19.88,mm/day monthly mean,Itanagar,2579.0,3.605,44.421,0,background_no_record
,25.997366,88.518942,2011,7,10.075,mm/day monthly mean,Gangtok,38.0,0.032,57.839,0,background_no_record
,25.936678,88.138173,2015,8,8.47,mm/day monthly mean,Gangtok,36.0,0.035,28.848,0,background_no_record
6970.0,25.5084,90.2191,2015,6,11.463,mm/day monthly mean,Guwahati,31.0,1.163,31.308,1,catalogued_landslide
,26.227324,87.728039,2010,8,8.703,mm/day monthly mean,Gangtok,59.0,2.32,29.293,0,background_no_record
5084.0,25.616,94.1167,2013,7,10.405,mm/day monthly mean,Kohima,1751.0,2.391,15.612,1,catalogued_landslide
1954.0,24.7543,93.5039,2010,6,10.687,mm/day monthly mean,Imphal,788.0,0.874,59.106,1,catalogued_landslide
2025.0,25.5728,91.885,2010,6,21.761,mm/day monthly mean,Shillong,885.0,1.28,19.033,1,catalogued_landslide
6964.0,27.0087,88.443,2015,6,5.97,mm/day monthly mean,Gangtok,1651.0,4.124,44.467,1,catalogued_landslide
545.0,24.9849,92.8411,2008,5,4.622,mm/day monthly mean,Imphal,1036.0,1.488,19.886,1,catalogued_landslide
,26.429326,89.212913,2014,7,5.992,mm/day monthly mean,Gangtok,60.0,2.319,24.069,0,background_no_record
,26.902445,94.632582,2011,7,19.513,mm/day monthly mean,Itanagar,123.0,3.299,36.733,0,background_no_record
,22.927534,89.49542,2016,10,6.461,mm/day monthly mean,Agartala,10.0,0.019,61.194,0,background_no_record
,22.864744,96.751201,2015,7,12.858,mm/day monthly mean,Imphal,652.0,0.826,37.467,0,background_no_record
3760.0,25.6703,94.1095,2011,7,9.531,mm/day monthly mean,Kohima,1751.0,2.391,11.786,1,catalogued_landslide
,21.558516,90.280221,2010,6,15.652,mm/day monthly mean,Agartala,9.0,0.013,56.984,0,background_no_record
3837.0,26.5836,93.0038,2011,7,19.513,mm/day monthly mean,Itanagar,461.0,1.88,28.535,1,catalogued_landslide
255.0,24.2451,94.0691,2007,9,5.586,mm/day monthly mean,Imphal,788.0,0.874,26.29,1,catalogued_landslide
6966.0,26.9974,88.4314,2015,6,5.97,mm/day monthly mean,Gangtok,1651.0,4.124,43.147,1,catalogued_landslide
,24.466384,96.76765,2012,9,7.049,mm/day monthly mean,Imphal,415.0,0.401,23.527,0,background_no_record
7972.0,23.4495,92.8112,2015,8,13.468,mm/day monthly mean,Aizawl,959.0,1.325,30.58,1,catalogued_landslide
,28.964186,95.543609,2007,9,11.856,mm/day monthly mean,Itanagar,2741.0,3.033,48.04,0,background_no_record
7655.0,27.5799,91.8569,2016,4,14.264,mm/day monthly mean,Guwahati,3096.0,4.235,14.215,1,catalogued_landslide
2567.0,25.6633,94.4703,2010,10,4.221,mm/day monthly mean,Kohima,1751.0,2.391,47.4,1,catalogued_landslide
,24.640582,88.300493,2007,9,5.628,mm/day monthly mean,Gangtok,29.0,0.025,35.649,0,background_no_record
,29.413064,93.059694,2016,10,3.386,mm/day monthly mean,Itanagar,4375.0,4.276,68.416,0,background_no_record
8684.0,25.9611,91.3681,2016,7,18.564,mm/day monthly mean,Guwahati,829.0,1.198,46.292,1,catalogued_landslide
2344.0,24.7505,93.4221,2010,8,4.347,mm/day monthly mean,Imphal,249.0,1.524,52.659,1,catalogued_landslide
,23.836475,92.401975,2016,5,13.977,mm/day monthly mean,Aizawl,81.0,1.28,40.934,0,background_no_record
,22.548462,88.737538,2016,7,15.384,mm/day monthly mean,Agartala,4.0,0.028,28.034,0,background_no_record
1084.0,27.7,92.8,2009,8,16.999,mm/day monthly mean,Itanagar,810.0,6.093,24.837,1,catalogued_landslide
3269.0,28.0791,96.5242,2011,3,3.812,mm/day monthly mean,Itanagar,2410.0,3.269,48.039,1,catalogued_landslide
,26.348127,96.17739,2011,6,8.031,mm/day monthly mean,Kohima,289.0,3.104,17.833,0,background_no_record
868.0,26.3333,91.25,2008,10,3.599,mm/day monthly mean,Guwahati,49.0,1.612,24.925,1,catalogued_landslide
3916.0,25.7713,93.8067,2011,8,9.106,mm/day monthly mean,Kohima,1751.0,2.391,20.563,1,catalogued_landslide
,28.309049,89.05213,2011,7,10.075,mm/day monthly mean,Gangtok,5199.0,4.022,15.022,0,background_no_record
,21.698876,93.05198,2013,9,8.986,mm/day monthly mean,Aizawl,1104.0,1.567,33.911,0,background_no_record
6107.0,26.1844,91.7896,2014,6,12.959,mm/day monthly mean,Guwahati,51.0,1.609,26.299,1,catalogued_landslide
9335.0,24.5202,92.7239,2016,5,13.977,mm/day monthly mean,Aizawl,249.0,1.524,28.426,1,catalogued_landslide
,22.490958,87.90947,2010,5,13.168,mm/day monthly mean,Agartala,6.0,0.025,16.911,0,background_no_record
3662.0,25.035617,94.01442,2011,6,8.932,mm/day monthly mean,Imphal,1000.0,1.887,6.327,1,catalogued_landslide
6286.0,26.1044,91.7082,2014,9,13.389,mm/day monthly mean,Guwahati,51.0,1.609,38.21,1,catalogued_landslide
,24.207652,95.944789,2011,8,10.477,mm/day monthly mean,Imphal,227.0,0.444,30.031,0,background_no_record
8996.0,26.1768,91.7702,2016,7,18.564,mm/day monthly mean,Guwahati,51.0,1.609,28.357,1,catalogued_landslide
7660.0,25.6237,94.1136,2015,8,9.702,mm/day monthly mean,Kohima,1751.0,2.391,14.819,1,catalogued_landslide
1055.0,26.8826,88.2788,2009,7,6.755,mm/day monthly mean,Gangtok,1651.0,4.124,28.501,1,catalogued_landslide
,22.2989,89.543974,2010,10,7.892,mm/day monthly mean,Agartala,9.0,0.013,57.536,0,background_no_record
3617.0,26.84851,88.261817,2011,6,5.607,mm/day monthly mean,Gangtok,1651.0,4.124,28.093,1,catalogued_landslide
,28.326757,90.489437,2009,8,7.782,mm/day monthly mean,Gangtok,6424.0,5.807,50.569,0,background_no_record
1987.0,25.2269,93.1658,2010,6,10.687,mm/day monthly mean,Imphal,1036.0,1.488,22.513,1,catalogued_landslide
,27.761882,88.3273,2016,10,2.604,mm/day monthly mean,Gangtok,4481.0,5.853,39.028,0,background_no_record
,27.315957,95.186475,2010,8,13.444,mm/day monthly mean,Itanagar,105.0,3.605,33.157,0,background_no_record
7266.0,25.5098,93.8794,2015,7,11.474,mm/day monthly mean,Kohima,1751.0,2.391,25.236,1,catalogued_landslide
,27.116017,93.979485,2010,8,13.444,mm/day monthly mean,Itanagar,81.0,3.361,19.125,0,background_no_record
285.0,24.1293,92.6921,2007,9,9.344,mm/day monthly mean,Aizawl,580.0,1.042,43.688,1,catalogued_landslide
6290.0,25.5772,91.8666,2014,9,17.699,mm/day monthly mean,Shillong,885.0,1.28,19.839,1,catalogued_landslide
,26.019605,93.224305,2016,7,10.073,mm/day monthly mean,Kohima,461.0,1.88,40.858,0,background_no_record
,23.099266,87.573623,2015,6,12.299,mm/day monthly mean,Agartala,23.0,0.028,46.163,0,background_no_record
,25.490536,92.81411,2010,9,14.184,mm/day monthly mean,Shillong,133.0,2.358,30.62,0,background_no_record
3805.0,27.053742,88.425724,2011,7,10.075,mm/day monthly mean,Gangtok,1651.0,4.124,43.878,1,catalogued_landslide
2569.0,25.2745,94.0212,2010,10,4.221,mm/day monthly mean,Kohima,1000.0,1.887,20.515,1,catalogued_landslide
,28.830784,92.309104,2010,4,10.28,mm/day monthly mean,Itanagar,5262.0,2.268,30.309,0,background_no_record
5268.0,26.0137,94.5163,2013,8,8.951,mm/day monthly mean,Kohima,2295.0,3.184,59.079,1,catalogued_landslide
,24.566559,94.796857,2009,8,7.68,mm/day monthly mean,Imphal,204.0,1.59,23.034,0,background_no_record
,29.229855,93.460426,2010,6,19.88,mm/day monthly mean,Itanagar,4375.0,4.276,65.491,0,background_no_record
,21.786742,97.097745,2008,8,8.666,mm/day monthly mean,Imphal,615.0,0.756,25.769,0,background_no_record
,28.103196,90.45359,2011,7,10.075,mm/day monthly mean,Gangtok,6424.0,5.807,45.329,0,background_no_record
4411.0,27.339,88.6065,2012,6,3.636,mm/day monthly mean,Gangtok,3787.0,4.841,46.191,1,catalogued_landslide
585.0,27.0998,93.6287,2008,6,15.435,mm/day monthly mean,Itanagar,81.0,3.361,40.608,1,catalogued_landslide
,26.475182,96.081253,2011,7,9.531,mm/day monthly mean,Kohima,289.0,3.104,18.357,0,background_no_record
3683.0,25.8782,94.1739,2011,7,9.531,mm/day monthly mean,Kohima,1751.0,2.391,25.634,1,catalogued_landslide
5441.0,28.611,94.9829,2013,9,6.669,mm/day monthly mean,Itanagar,2204.0,2.953,21.082,1,catalogued_landslide
,26.172784,93.998466,2009,6,4.892,mm/day monthly mean,Kohima,110.0,3.184,17.149,0,background_no_record
3663.0,25.6682,94.1099,2011,6,8.031,mm/day monthly mean,Kohima,1751.0,2.391,11.91,1,catalogued_landslide
269.0,27.2872,88.2816,2007,9,5.628,mm/day monthly mean,Gangtok,4481.0,5.853,41.47,1,catalogued_landslide
142.0,25.5212,90.232,2007,7,11.888,mm/day monthly mean,Guwahati,31.0,1.163,31.26,1,catalogued_landslide
,28.867764,89.155317,2011,9,5.634,mm/day monthly mean,Gangtok,4680.0,2.542,16.902,0,background_no_record
4241.0,25.1604,93.6795,2012,3,1.512,mm/day monthly mean,Imphal,1000.0,1.887,33.176,1,catalogued_landslide
1107.0,27.0736,88.4779,2009,8,7.782,mm/day monthly mean,Gangtok,1651.0,4.124,49.457,1,catalogued_landslide
,24.652856,88.811087,2007,7,22.951,mm/day monthly mean,Agartala,14.0,0.022,27.658,0,background_no_record
,27.124268,93.837698,2016,4,9.264,mm/day monthly mean,Itanagar,81.0,3.361,25.608,0,background_no_record
215.0,25.7428,93.9136,2007,8,3.372,mm/day monthly mean,Kohima,1751.0,2.391,9.436,1,catalogued_landslide
3830.0,24.3527,94.3429,2011,7,9.452,mm/day monthly mean,Imphal,788.0,0.874,37.207,1,catalogued_landslide
,27.084966,95.879802,2010,10,2.337,mm/day monthly mean,Itanagar,1204.0,1.771,19.596,0,background_no_record
,22.336921,96.539733,2016,7,9.359,mm/day monthly mean,Imphal,652.0,0.826,56.686,0,background_no_record
9338.0,24.4638,92.4943,2016,5,13.977,mm/day monthly mean,Aizawl,23.0,1.476,50.038,1,catalogued_landslide
,27.676099,94.116613,2007,9,11.856,mm/day monthly mean,Itanagar,2387.0,3.361,16.952,0,background_no_record
,22.743533,96.243144,2016,7,9.359,mm/day monthly mean,Imphal,119.0,1.02,28.585,0,background_no_record
,29.340217,92.085606,2011,7,19.513,mm/day monthly mean,Itanagar,5262.0,2.268,60.643,0,background_no_record
,24.13889,88.945242,2009,8,11.286,mm/day monthly mean,Agartala,12.0,0.025,32.053,0,background_no_record
2296.0,27.167,88.3652,2010,8,8.703,mm/day monthly mean,Gangtok,1651.0,4.124,43.786,1,catalogued_landslide
7388.0,24.416,94.0984,2015,8,8.21,mm/day monthly mean,Imphal,788.0,0.874,11.806,1,catalogued_landslide
,25.565339,92.39502,2009,5,10.22,mm/day monthly mean,Shillong,885.0,1.28,42.701,0,background_no_record
,25.650867,90.659291,2013,7,10.499,mm/day monthly mean,Guwahati,829.0,1.198,34.75,0,background_no_record
,26.474336,90.231872,2007,10,3.7,mm/day monthly mean,Guwahati,54.0,1.148,28.315,0,background_no_record
7035.0,25.4243,88.2746,2015,6,5.97,mm/day monthly mean,Gangtok,36.0,0.035,41.963,1,catalogued_landslide
1089.0,26.7914,88.363,2009,8,7.782,mm/day monthly mean,Gangtok,1651.0,4.124,39.852,1,catalogued_landslide
,24.011147,94.926926,2015,9,6.209,mm/day monthly mean,Imphal,532.0,1.112,18.884,0,background_no_record
,24.710844,96.456349,2013,9,8.148,mm/day monthly mean,Imphal,227.0,0.444,53.183,0,background_no_record
241.0,27.201,88.4883,2007,9,5.628,mm/day monthly mean,Gangtok,1651.0,4.124,56.105,1,catalogued_landslide
,23.66607,94.599047,2010,6,10.687,mm/day monthly mean,Imphal,532.0,1.112,45.895,0,background_no_record
3840.0,24.6869,93.9157,2011,7,9.452,mm/day monthly mean,Imphal,788.0,0.874,25.266,1,catalogued_landslide
,21.536001,92.646293,2016,10,8.261,mm/day monthly mean,Aizawl,1104.0,1.567,63.215,0,background_no_record
,27.795395,94.148509,2007,4,7.658,mm/day monthly mean,Itanagar,2387.0,3.361,29.595,0,background_no_record
,27.763681,93.199338,2011,6,9.95,mm/day monthly mean,Itanagar,810.0,6.093,29.638,0,background_no_record
,24.037111,97.028994,2015,8,8.21,mm/day monthly mean,Imphal,166.0,0.952,20.463,0,background_no_record
2345.0,27.3392,88.6188,2010,8,8.703,mm/day monthly mean,Gangtok,3787.0,4.841,45.163,1,catalogued_landslide
9138.0,26.9015,88.4719,2016,7,13.366,mm/day monthly mean,Gangtok,1651.0,4.124,47.035,1,catalogued_landslide
,24.145886,96.803846,2015,8,8.21,mm/day monthly mean,Imphal,166.0,0.952,37.99,0,background_no_record
4990.0,27.3765,88.7628,2013,6,5.723,mm/day monthly mean,Gangtok,3787.0,4.841,31.342,1,catalogued_landslide
252.0,25.4993,94.1192,2007,9,4.389,mm/day monthly mean,Kohima,1751.0,2.391,26.203,1,catalogued_landslide
,22.339838,91.485525,2009,8,11.286,mm/day monthly mean,Agartala,3.0,0.243,58.696,0,background_no_record
6513.0,23.0137,91.7174,2014,8,12.491,mm/day monthly mean,Agartala,170.0,1.266,38.028,1,catalogued_landslide
1776.0,25.3612,92.2845,2010,4,15.3,mm/day monthly mean,Shillong,15.0,1.488,41.493,1,catalogued_landslide
1756.0,27.322,88.6087,2010,4,0.59,mm/day monthly mean,Gangtok,3787.0,4.841,47.066,1,catalogued_landslide
3532.0,25.0888,92.8551,2011,5,8.657,mm/day monthly mean,Shillong,1036.0,1.488,14.594,1,catalogued_landslide
3621.0,26.88,88.28,2011,6,5.607,mm/day monthly mean,Gangtok,1651.0,4.124,28.688,1,catalogued_landslide
7699.0,26.0214,94.5224,2015,8,9.702,mm/day monthly mean,Kohima,2265.0,3.183,58.534,1,catalogued_landslide
,21.857193,89.828523,2010,5,13.168,mm/day monthly mean,Agartala,9.0,0.013,23.77,0,background_no_record
4434.0,26.1049,91.7369,2012,6,20.722,mm/day monthly mean,Guwahati,51.0,1.609,36.038,1,catalogued_landslide
9010.0,27.3034,93.804,2016,7,16.745,mm/day monthly mean,Itanagar,2387.0,3.361,34.84,1,catalogued_landslide
,28.850586,87.592598,2010,9,6.419,mm/day monthly mean,Gangtok,5021.0,0.911,40.085,0,background_no_record
1050.0,26.873242,88.29184,2009,7,6.755,mm/day monthly mean,Gangtok,1651.0,4.124,30.017,1,catalogued_landslide
7267.0,25.3908,94.0926,2015,7,11.474,mm/day monthly mean,Kohima,1000.0,1.887,34.613,1,catalogued_landslide
4848.0,24.0896,91.4663,2013,5,18.287,mm/day monthly mean,Agartala,3.0,0.243,54.085,1,catalogued_landslide
5421.0,26.4205,94.9731,2013,8,8.951,mm/day monthly mean,Kohima,2265.0,3.183,10.737,1,catalogued_landslide
1031.0,26.8836,88.2791,2009,5,6.673,mm/day monthly mean,Gangtok,1651.0,4.124,28.503,1,catalogued_landslide
6971.0,27.0987,93.816,2015,6,21.278,mm/day monthly mean,Itanagar,81.0,3.361,24.986,1,catalogued_landslide
,22.233768,89.335332,2012,6,11.531,mm/day monthly mean,Agartala,6.0,0.004,43.231,0,background_no_record
4394.0,27.1748,88.6458,2012,6,3.636,mm/day monthly mean,Gangtok,465.0,5.853,43.395,1,catalogued_landslide
,22.622717,91.691143,2010,8,8.742,mm/day monthly mean,Agartala,50.0,1.536,31.706,0,background_no_record
7021.0,27.0076,88.251,2015,6,5.97,mm/day monthly mean,Gangtok,1651.0,4.124,25.829,1,catalogued_landslide
7589.0,25.2568,92.3825,2015,8,17.685,mm/day monthly mean,Shillong,15.0,1.488,42.68,1,catalogued_landslide
7923.0,26.49349,91.721375,2015,9,9.843,mm/day monthly mean,Guwahati,51.0,1.609,33.357,1,catalogued_landslide
7363.0,26.8843,88.1835,2015,6,5.97,mm/day monthly mean,Gangtok,1651.0,4.124,19.406,1,catalogued_landslide
,27.2545,96.375711,2008,6,15.435,mm/day monthly mean,Itanagar,167.0,3.515,50.595,0,background_no_record
9087.0,28.235,94.9612,2016,7,16.745,mm/day monthly mean,Itanagar,660.0,5.203,7.013,1,catalogued_landslide
,24.43114,90.774956,2010,10,7.892,mm/day monthly mean,Agartala,5.0,0.111,23.25,0,background_no_record
7034.0,27.0875,88.6556,2015,6,5.97,mm/day monthly mean,Gangtok,465.0,5.853,37.617,1,catalogued_landslide
,22.271128,96.526024,2007,8,3.464,mm/day monthly mean,Imphal,615.0,0.756,57.378,0,background_no_record
,29.068196,90.513426,2012,7,8.485,mm/day monthly mean,Gangtok,4557.0,2.721,55.959,0,background_no_record
,24.580716,93.895633,2009,8,7.68,mm/day monthly mean,Imphal,788.0,0.874,15.967,0,background_no_record
1596.0,24.7339,93.9161,2010,3,4.307,mm/day monthly mean,Imphal,788.0,0.874,30.225,1,catalogued_landslide
7040.0,26.9978,88.167,2015,7,5.286,mm/day monthly mean,Gangtok,1651.0,4.124,17.56,1,catalogued_landslide
,22.618376,88.645301,2012,6,11.531,mm/day monthly mean,Agartala,4.0,0.028,36.407,0,background_no_record
,27.694571,94.212314,2015,8,16.256,mm/day monthly mean,Itanagar,2387.0,3.361,25.461,0,background_no_record
9587.0,26.8692,88.4695,2016,10,2.604,mm/day monthly mean,Gangtok,1651.0,4.124,47.311,1,catalogued_landslide
,27.564702,91.04526,2011,9,8.488,mm/day monthly mean,Guwahati,2760.0,5.34,4.462,0,background_no_record
5272.0,26.2083,94.5438,2013,8,8.951,mm/day monthly mean,Kohima,2265.0,3.183,47.365,1,catalogued_landslide
6283.0,26.1314,91.7548,2014,9,13.389,mm/day monthly mean,Guwahati,51.0,1.609,32.73,1,catalogued_landslide
,28.434412,88.641041,2016,7,13.366,mm/day monthly mean,Gangtok,5199.0,4.022,44.974,0,background_no_record
7664.0,24.7459,93.4251,2015,8,8.21,mm/day monthly mean,Imphal,249.0,1.524,52.609,1,catalogued_landslide
231.0,27.068262,88.281212,2007,9,5.628,mm/day monthly mean,Gangtok,1651.0,4.124,31.049,1,catalogued_landslide
,26.295062,96.24562,2015,6,9.655,mm/day monthly mean,Kohima,289.0,3.104,24.739,0,background_no_record
2392.0,27.3702,88.7334,2010,9,6.419,mm/day monthly mean,Gangtok,3787.0,4.841,34.003,1,catalogued_landslide
,24.12689,92.854348,2015,7,25.132,mm/day monthly mean,Aizawl,580.0,1.042,33.659,0,background_no_record
7265.0,25.5007,93.9854,2015,7,11.474,mm/day monthly mean,Kohima,1751.0,2.391,23.208,1,catalogued_landslide
,21.795766,91.227023,2013,8,8.056,mm/day monthly mean,Agartala,0.0,0.073,32.624,0,background_no_record
2166.0,24.9786,93.5027,2010,7,9.76,mm/day monthly mean,Imphal,1000.0,1.887,51.637,1,catalogued_landslide
322.0,24.75,93.4333,2007,10,3.734,mm/day monthly mean,Imphal,249.0,1.524,53.549,1,catalogued_landslide
6782.0,26.8545,88.3372,2011,9,5.634,mm/day monthly mean,Gangtok,1651.0,4.124,34.919,1,catalogued_landslide
7956.0,26.048,91.8695,2015,9,9.843,mm/day monthly mean,Guwahati,51.0,1.609,33.645,1,catalogued_landslide
7706.0,25.0728,92.3636,2015,8,17.685,mm/day monthly mean,Shillong,15.0,1.488,36.674,1,catalogued_landslide
,23.230846,91.640261,2015,6,12.299,mm/day monthly mean,Agartala,170.0,1.266,36.762,0,background_no_record
,22.51528,96.473022,2010,10,5.701,mm/day monthly mean,Imphal,119.0,1.02,49.895,0,background_no_record
3860.0,25.4192,94.108,2011,7,9.531,mm/day monthly mean,Kohima,1751.0,2.391,33.997,1,catalogued_landslide
869.0,27.2333,94.1167,2008,10,3.06,mm/day monthly mean,Itanagar,81.0,3.361,34.076,1,catalogued_landslide
,26.802914,97.056233,2014,5,7.232,mm/day monthly mean,Kohima,2419.0,3.282,16.755,0,background_no_record
2304.0,25.5718,94.1211,2010,8,4.905,mm/day monthly mean,Kohima,1751.0,2.391,19.497,1,catalogued_landslide
5274.0,26.0838,94.564,2013,8,8.951,mm/day monthly mean,Kohima,2265.0,3.183,51.219,1,catalogued_landslide
,22.827255,95.863043,2016,1,0.283,mm/day monthly mean,Imphal,119.0,1.02,27.179,0,background_no_record
,27.242082,97.011947,2011,7,9.531,mm/day monthly mean,Kohima,2419.0,3.282,33.055,0,background_no_record
,22.223526,96.470334,2013,10,3.615,mm/day monthly mean,Imphal,96.0,0.81,54.455,0,background_no_record
,22.599263,97.088802,2009,7,6.398,mm/day monthly mean,Imphal,652.0,0.826,9.351,0,background_no_record
,27.893708,93.507339,2012,6,16.413,mm/day monthly mean,Itanagar,1441.0,4.276,58.013,0,background_no_record
,21.61149,89.79656,2013,6,10.413,mm/day monthly mean,Agartala,9.0,0.013,48.035,0,background_no_record
,28.371863,96.625827,2009,9,5.444,mm/day monthly mean,Itanagar,2410.0,3.269,42.288,0,background_no_record
1094.0,27.159772,88.634112,2009,8,7.782,mm/day monthly mean,Gangtok,465.0,5.853,43.396,1,catalogued_landslide
,25.601857,91.829725,2015,7,14.598,mm/day monthly mean,Shillong,885.0,1.28,20.814,0,background_no_record
6968.0,25.463,92.2121,2015,6,17.653,mm/day monthly mean,Shillong,885.0,1.28,34.651,1,catalogued_landslide
,24.015606,95.873824,2012,9,7.049,mm/day monthly mean,Imphal,140.0,0.99,21.986,0,background_no_record
9251.0,25.8702,94.7844,2016,7,10.073,mm/day monthly mean,Kohima,2295.0,3.184,28.058,1,catalogued_landslide
2578.0,25.3179,94.0462,2010,10,4.221,mm/day monthly mean,Kohima,1000.0,1.887,25.655,1,catalogued_landslide
,22.482063,95.811127,2014,9,5.564,mm/day monthly mean,Imphal,119.0,1.02,24.59,0,background_no_record
3643.0,27.2879,88.2579,2011,6,5.607,mm/day monthly mean,Gangtok,4481.0,5.853,39.88,1,catalogued_landslide
,26.26571,89.812805,2013,9,3.464,mm/day monthly mean,Gangtok,54.0,1.148,19.867,0,background_no_record
,27.719239,97.218264,2013,8,12.931,mm/day monthly mean,Itanagar,1941.0,2.585,27.572,0,background_no_record
,27.907073,93.43682,2014,10,0.756,mm/day monthly mean,Itanagar,3706.0,4.22,52.653,0,background_no_record
,21.832913,92.439908,2013,6,9.709,mm/day monthly mean,Aizawl,29.0,1.567,49.036,0,background_no_record
1934.0,24.6005,92.3814,2010,6,18.226,mm/day monthly mean,Aizawl,23.0,1.476,41.102,1,catalogued_landslide
,26.386161,93.035408,2010,6,19.88,mm/day monthly mean,Itanagar,461.0,1.88,7.465,0,background_no_record
6200.0,27.0869,93.6086,2014,8,13.129,mm/day monthly mean,Itanagar,81.0,3.361,41.86,1,catalogued_landslide
57.0,27.4459,88.6193,2007,4,0.728,mm/day monthly mean,Gangtok,3787.0,4.841,39.777,1,catalogued_landslide
,22.252576,96.396564,2014,9,5.564,mm/day monthly mean,Imphal,96.0,0.81,49.572,0,background_no_record
,25.256446,89.394714,2007,10,0.575,mm/day monthly mean,Gangtok,23.0,0.022,43.775,0,background_no_record
264.0,26.1833,91.8,2007,9,10.035,mm/day monthly mean,Guwahati,51.0,1.609,25.556,1,catalogued_landslide
1110.0,26.884057,88.28087,2009,8,7.782,mm/day monthly mean,Gangtok,1651.0,4.124,28.661,1,catalogued_landslide
9168.0,27.6438,93.871,2016,6,10.478,mm/day monthly mean,Itanagar,2387.0,3.361,15.502,1,catalogued_landslide
,28.543042,92.862004,2007,10,2.576,mm/day monthly mean,Itanagar,4375.0,4.276,31.585,0,background_no_record
4384.0,25.1775,93.0123,2012,6,8.632,mm/day monthly mean,Imphal,1036.0,1.488,9.698,1,catalogued_landslide
,28.768646,94.497071,2010,10,2.337,mm/day monthly mean,Itanagar,4230.0,5.203,48.568,0,background_no_record
,21.904158,93.445676,2016,7,14.138,mm/day monthly mean,Aizawl,1104.0,1.567,47.183,0,background_no_record
,27.718745,92.396997,2010,11,1.247,mm/day monthly mean,Itanagar,3096.0,4.235,42.724,0,background_no_record
,27.415452,95.508716,2013,8,12.931,mm/day monthly mean,Itanagar,167.0,3.515,51.198,0,background_no_record
221.0,22.6461,88.3403,2007,8,8.025,mm/day monthly mean,Agartala,6.0,0.025,35.065,1,catalogued_landslide
,29.323336,91.61576,2013,5,9.615,mm/day monthly mean,Itanagar,5262.0,2.268,69.145,0,background_no_record
,27.438544,93.407448,2010,10,2.337,mm/day monthly mean,Itanagar,810.0,6.093,42.539,0,background_no_record
,22.816863,87.949106,2013,9,6.487,mm/day monthly mean,Agartala,6.0,0.025,22.72,0,background_no_record
,28.189961,87.681605,2014,9,4.608,mm/day monthly mean,Gangtok,4396.0,1.17,31.218,0,background_no_record
,23.380777,90.753427,2016,7,15.384,mm/day monthly mean,Agartala,10.0,0.233,29.886,0,background_no_record
,23.858042,94.13621,2010,10,5.701,mm/day monthly mean,Imphal,1295.0,1.654,13.856,0,background_no_record
7276.0,26.1062,91.8717,2015,7,9.486,mm/day monthly mean,Guwahati,51.0,1.609,27.688,1,catalogued_landslide
,27.600257,90.205349,2014,9,4.608,mm/day monthly mean,Gangtok,2439.0,5.807,20.636,0,background_no_record
2587.0,25.6623,94.1072,2010,10,4.221,mm/day monthly mean,Kohima,1751.0,2.391,11.931,1,catalogued_landslide
,27.058385,96.107191,2010,10,2.337,mm/day monthly mean,Itanagar,1204.0,1.771,16.484,0,background_no_record
,24.169102,96.483665,2016,5,10.065,mm/day monthly mean,Imphal,227.0,0.444,59.529,0,background_no_record
,26.124138,94.497759,2008,5,4.267,mm/day monthly mean,Kohima,110.0,3.184,54.535,0,background_no_record
1996.0,26.4333,94.8833,2010,6,10.485,mm/day monthly mean,Kohima,2265.0,3.183,16.579,1,catalogued_landslide
9617.0,26.888,88.2796,2016,10,2.604,mm/day monthly mean,Gangtok,1651.0,4.124,28.437,1,catalogued_landslide
,27.760993,95.451148,2013,5,9.615,mm/day monthly mean,Itanagar,105.0,3.605,49.537,0,background_no_record
8901.0,25.7902,94.1318,2016,7,10.073,mm/day monthly mean,Kohima,1751.0,2.391,15.993,1,catalogued_landslide
,28.368783,94.47368,2009,7,12.182,mm/day monthly mean,Itanagar,1441.0,4.276,50.824,0,background_no_record
130.0,26.1699,91.7986,2007,7,11.888,mm/day monthly mean,Guwahati,51.0,1.609,26.619,1,catalogued_landslide
8339.0,26.1666,91.7042,2015,9,9.843,mm/day monthly mean,Guwahati,51.0,1.609,34.473,1,catalogued_landslide
210.0,27.0713,88.4308,2007,8,4.986,mm/day monthly mean,Gangtok,1651.0,4.124,44.93,1,catalogued_landslide
2044.0,25.8877,94.7861,2010,7,8.907,mm/day monthly mean,Kohima,2295.0,3.184,29.213,1,catalogued_landslide
9336.0,24.5308,92.5121,2016,5,13.977,mm/day monthly mean,Aizawl,249.0,1.524,49.783,1,catalogued_landslide
,23.534108,96.687937,2007,7,5.205,mm/day monthly mean,Imphal,819.0,1.07,45.969,0,background_no_record
126.0,27.1499,88.38,2007,7,10.419,mm/day monthly mean,Gangtok,1651.0,4.124,43.992,1,catalogued_landslide
,27.359308,91.900887,2010,4,12.283,mm/day monthly mean,Guwahati,3096.0,4.235,24.773,0,background_no_record
,28.322249,90.980314,2012,6,20.722,mm/day monthly mean,Guwahati,3707.0,3.96,15.714,0,background_no_record
7370.0,24.1419,94.1078,2015,8,8.21,mm/day monthly mean,Imphal,1295.0,1.654,33.729,1,catalogued_landslide
,25.254615,89.00673,2008,8,7.832,mm/day monthly mean,Gangtok,23.0,0.022,18.206,0,background_no_record
1108.0,24.9925,93.5,2009,8,7.68,mm/day monthly mean,Imphal,1036.0,1.488,51.548,1,catalogued_landslide
,26.577747,93.035794,2007,5,7.832,mm/day monthly mean,Itanagar,461.0,1.88,28.109,0,background_no_record
1222.0,23.734788,92.721244,2009,10,6.069,mm/day monthly mean,Aizawl,580.0,1.042,31.354,1,catalogued_landslide
3776.0,27.125,93.7145,2011,7,19.513,mm/day monthly mean,Itanagar,81.0,3.361,34.644,1,catalogued_landslide
,21.936003,93.66309,2008,8,12.475,mm/day monthly mean,Aizawl,388.0,1.043,35.464,0,background_no_record
,23.36056,91.175118,2010,7,5.509,mm/day monthly mean,Agartala,10.0,0.233,22.62,0,background_no_record
,27.742412,92.293696,2010,10,2.337,mm/day monthly mean,Itanagar,3096.0,4.235,35.076,0,background_no_record
,29.476277,96.292,2009,8,16.999,mm/day monthly mean,Itanagar,2741.0,3.033,80.369,0,background_no_record
755.0,27.337,88.609,2008,8,7.832,mm/day monthly mean,Gangtok,3787.0,4.841,46.105,1,catalogued_landslide
4845.0,24.2315,92.6755,2013,5,18.068,mm/day monthly mean,Aizawl,249.0,1.524,42.446,1,catalogued_landslide
620.0,27.0771,88.482,2008,6,6.378,mm/day monthly mean,Gangtok,1651.0,4.124,49.958,1,catalogued_landslide
6969.0,25.5114,90.215,2015,6,11.463,mm/day monthly mean,Guwahati,31.0,1.163,30.782,1,catalogued_landslide
,28.352384,91.222616,2010,7,10.155,mm/day monthly mean,Guwahati,3707.0,3.96,28.884,0,background_no_record
,26.576322,90.932925,2013,8,6.398,mm/day monthly mean,Guwahati,49.0,1.612,28.516,0,background_no_record
,21.943163,89.246415,2011,8,13.103,mm/day monthly mean,Agartala,6.0,0.004,26.184,0,background_no_record
,25.393267,92.40707,2011,3,2.098,mm/day monthly mean,Shillong,15.0,1.488,52.971,0,background_no_record
1092.0,26.744525,88.40012,2009,8,7.782,mm/day monthly mean,Gangtok,1651.0,4.124,45.527,1,catalogued_landslide
3965.0,24.808,93.117,2011,9,4.975,mm/day monthly mean,Imphal,1036.0,1.488,33.606,1,catalogued_landslide
,27.448803,87.731401,2014,9,4.608,mm/day monthly mean,Gangtok,4481.0,5.853,29.425,0,background_no_record
,26.966067,89.782529,2007,9,5.628,mm/day monthly mean,Gangtok,655.0,4.564,21.681,0,background_no_record
,22.499389,92.54531,2009,9,5.948,mm/day monthly mean,Aizawl,1039.0,1.472,48.518,0,background_no_record
2098.0,26.7215,95.0283,2010,7,13.122,mm/day monthly mean,Itanagar,123.0,3.299,25.01,1,catalogued_landslide
,27.278875,92.118772,2007,7,11.888,mm/day monthly mean,Guwahati,3096.0,4.235,33.802,0,background_no_record
5312.0,26.7103,94.693,2013,8,12.931,mm/day monthly mean,Itanagar,123.0,3.299,40.113,1,catalogued_landslide
3794.0,26.991957,88.422809,2011,7,10.075,mm/day monthly mean,Gangtok,1651.0,4.124,42.226,1,catalogued_landslide
7253.0,24.7979,92.9974,2015,7,12.858,mm/day monthly mean,Imphal,1036.0,1.488,32.592,1,catalogued_landslide
,29.384321,92.149735,2013,5,9.615,mm/day monthly mean,Itanagar,5262.0,2.268,66.583,0,background_no_record
,26.596591,88.719217,2008,10,1.972,mm/day monthly mean,Gangtok,60.0,2.319,40.986,0,background_no_record
2248.0,26.222,94.9152,2010,8,4.905,mm/day monthly mean,Kohima,2265.0,3.183,14.415,1,catalogued_landslide
,22.508211,88.937187,2009,8,11.286,mm/day monthly mean,Agartala,4.0,0.028,13.807,0,background_no_record
5603.0,25.426,94.6024,2013,10,3.412,mm/day monthly mean,Kohima,2295.0,3.184,50.802,1,catalogued_landslide
,21.598421,92.04318,2013,7,7.686,mm/day monthly mean,Aizawl,29.0,1.567,44.875,0,background_no_record
1129.0,24.8628,94.4182,2009,8,7.68,mm/day monthly mean,Imphal,1000.0,1.887,49.201,1,catalogued_landslide
6945.0,25.16,93.686,2015,6,8.289,mm/day monthly mean,Imphal,1000.0,1.887,32.529,1,catalogued_landslide
6786.0,24.6108,92.562,2015,2,0.72,mm/day monthly mean,Aizawl,249.0,1.524,46.878,1,catalogued_landslide
5107.0,25.6269,94.1139,2013,7,10.405,mm/day monthly mean,Kohima,1751.0,2.391,14.617,1,catalogued_landslide
8995.0,26.1963,91.8074,2016,7,18.564,mm/day monthly mean,Guwahati,51.0,1.609,24.085,1,catalogued_landslide
4393.0,27.7565,88.632,2012,6,3.636,mm/day monthly mean,Gangtok,3787.0,4.841,42.092,1,catalogued_landslide
,22.539372,92.257049,2013,9,8.986,mm/day monthly mean,Aizawl,50.0,1.536,27.802,0,background_no_record
760.0,25.67,94.1066,2008,8,8.144,mm/day monthly mean,Kohima,1751.0,2.391,11.528,1,catalogued_landslide
6289.0,26.1001,91.6849,2014,9,13.389,mm/day monthly mean,Guwahati,51.0,1.609,40.307,1,catalogued_landslide
,21.64135,92.032799,2015,6,12.648,mm/day monthly mean,Aizawl,29.0,1.567,40.024,0,background_no_record
5337.0,26.4205,94.9731,2013,8,8.951,mm/day monthly mean,Kohima,2265.0,3.183,10.737,1,catalogued_landslide
2415.0,25.639619,94.111122,2010,9,6.686,mm/day monthly mean,Kohima,1751.0,2.391,13.547,1,catalogued_landslide
,22.694993,97.115496,2016,5,10.065,mm/day monthly mean,Imphal,652.0,0.826,14.62,0,background_no_record
,26.079663,93.157719,2010,7,8.907,mm/day monthly mean,Kohima,461.0,1.88,31.686,0,background_no_record
,22.324021,87.910791,2011,6,9.58,mm/day monthly mean,Agartala,6.0,0.025,33.95,0,background_no_record
6292.0,25.7238,89.9032,2014,9,13.389,mm/day monthly mean,Guwahati,31.0,1.163,9.836,1,catalogued_landslide
,25.140943,92.660878,2012,7,17.762,mm/day monthly mean,Shillong,1036.0,1.488,34.592,0,background_no_record
,27.772648,93.864083,2016,10,3.386,mm/day monthly mean,Itanagar,2387.0,3.361,26.785,0,background_no_record
,24.854179,92.645831,2010,4,15.3,mm/day monthly mean,Shillong,1036.0,1.488,44.361,0,background_no_record
,21.957856,95.509639,2007,8,7.636,mm/day monthly mean,Aizawl,96.0,0.81,50.78,0,background_no_record
,28.726623,94.706959,2013,8,12.931,mm/day monthly mean,Itanagar,2204.0,2.953,29.707,0,background_no_record
,26.452953,89.127435,2012,6,3.636,mm/day monthly mean,Gangtok,60.0,2.319,18.902,0,background_no_record
7387.0,24.954,94.2156,2015,8,8.21,mm/day monthly mean,Imphal,1000.0,1.887,26.533,1,catalogued_landslide
,28.491108,90.036645,2007,6,3.381,mm/day monthly mean,Gangtok,4959.0,2.135,34.533,0,background_no_record
,27.474317,90.124605,2015,7,5.286,mm/day monthly mean,Gangtok,2439.0,5.807,15.825,0,background_no_record
4385.0,27.7167,88.5577,2012,6,3.636,mm/day monthly mean,Gangtok,3787.0,4.841,46.76,1,catalogued_landslide
,25.36058,95.186276,2015,6,9.655,mm/day monthly mean,Kohima,188.0,3.071,35.35,0,background_no_record
,27.102121,90.623666,2015,5,10.968,mm/day monthly mean,Guwahati,842.0,3.285,41.169,0,background_no_record
,22.361928,96.660118,2015,7,12.858,mm/day monthly mean,Imphal,652.0,0.826,45.056,0,background_no_record
260.0,27.2084,88.4909,2007,9,5.628,mm/day monthly mean,Gangtok,1651.0,4.124,56.746,1,catalogued_landslide
2140.0,25.0477,92.801,2010,7,12.867,mm/day monthly mean,Shillong,1036.0,1.488,20.613,1,catalogued_landslide
,26.872902,89.876584,2016,7,13.366,mm/day monthly mean,Gangtok,655.0,4.564,14.63,0,background_no_record
,22.447829,96.005337,2014,9,5.564,mm/day monthly mean,Imphal,119.0,1.02,18.93,0,background_no_record
211.0,24.9667,93.55,2007,8,3.464,mm/day monthly mean,Imphal,1000.0,1.887,47.399,1,catalogued_landslide
2243.0,25.702237,94.046197,2010,8,4.905,mm/day monthly mean,Kohima,1751.0,2.391,4.689,1,catalogued_landslide
,24.17304,89.229944,2015,8,11.574,mm/day monthly mean,Agartala,14.0,0.022,40.686,0,background_no_record
3556.0,25.1555,93.8474,2011,5,9.081,mm/day monthly mean,Imphal,1000.0,1.887,16.955,1,catalogued_landslide
,24.770265,89.676285,2014,9,10.014,mm/day monthly mean,Agartala,18.0,0.022,46.512,0,background_no_record
9122.0,26.1966,91.802,2016,7,18.564,mm/day monthly mean,Guwahati,51.0,1.609,24.496,1,catalogued_landslide
,23.430976,90.724923,2015,8,11.574,mm/day monthly mean,Agartala,10.0,0.233,35.48,0,background_no_record
7039.0,27.0678,88.456,2015,7,5.286,mm/day monthly mean,Gangtok,1651.0,4.124,47.194,1,catalogued_landslide
8224.0,23.7313,92.7187,2015,9,9.021,mm/day monthly mean,Aizawl,580.0,1.042,31.754,1,catalogued_landslide
,21.82121,89.517821,2007,7,22.951,mm/day monthly mean,Agartala,9.0,0.013,53.569,0,background_no_record
,29.341638,93.615436,2011,8,10.278,mm/day monthly mean,Itanagar,4230.0,5.203,70.881,0,background_no_record
8366.0,25.583,91.893,2015,9,12.972,mm/day monthly mean,Shillong,885.0,1.28,17.645,1,catalogued_landslide
4383.0,25.3056,93.1265,2012,6,8.632,mm/day monthly mean,Imphal,1036.0,1.488,27.045,1,catalogued_landslide
5584.0,26.1665,91.7049,2013,10,6.867,mm/day monthly mean,Guwahati,51.0,1.609,34.419,1,catalogued_landslide
7727.0,25.6263,94.1057,2015,8,9.702,mm/day monthly mean,Kohima,1751.0,2.391,14.028,1,catalogued_landslide
,21.738678,90.964787,2015,8,11.574,mm/day monthly mean,Agartala,0.0,0.073,29.284,0,background_no_record
,28.248707,93.875887,2008,6,15.435,mm/day monthly mean,Itanagar,1441.0,4.276,14.245,0,background_no_record
,25.094892,90.222416,2011,7,11.621,mm/day monthly mean,Shillong,18.0,1.182,22.402,0,background_no_record
2341.0,27.2319,88.497,2010,8,8.703,mm/day monthly mean,Gangtok,1651.0,4.124,58.639,1,catalogued_landslide
,28.62634,96.434466,2016,7,16.745,mm/day monthly mean,Itanagar,2741.0,3.033,46.563,0,background_no_record
,26.079305,88.951303,2014,9,4.608,mm/day monthly mean,Gangtok,60.0,2.319,27.968,0,background_no_record
,27.433731,94.81136,2013,5,9.615,mm/day monthly mean,Itanagar,105.0,3.605,23.58,0,background_no_record
,23.582788,90.724904,2014,6,15.948,mm/day monthly mean,Agartala,3.0,0.243,41.237,0,background_no_record
,28.017108,96.52554,2007,7,17.234,mm/day monthly mean,Itanagar,2410.0,3.269,50.021,0,background_no_record
,22.644175,95.267679,2015,9,6.209,mm/day monthly mean,Imphal,166.0,0.324,27.627,0,background_no_record
,27.849457,88.348193,2015,6,5.97,mm/day monthly mean,Gangtok,4481.0,5.853,46.717,0,background_no_record
,23.724604,90.547046,2014,8,12.491,mm/day monthly mean,Agartala,3.0,0.243,48.314,0,background_no_record
,29.258521,97.345781,2015,7,9.851,mm/day monthly mean,Itanagar,2947.0,0.783,61.071,0,background_no_record
,23.393959,89.993876,2011,7,7.563,mm/day monthly mean,Agartala,5.0,0.01,17.575,0,background_no_record
,28.288484,94.025873,2015,6,21.278,mm/day monthly mean,Itanagar,1441.0,4.276,12.109,0,background_no_record
9220.0,27.1027,88.1218,2016,7,13.366,mm/day monthly mean,Gangtok,1651.0,4.124,21.285,1,catalogued_landslide
2437.0,23.7527,92.694,2010,9,6.911,mm/day monthly mean,Aizawl,580.0,1.042,33.144,1,catalogued_landslide
4570.0,27.8458,95.2253,2012,9,13.318,mm/day monthly mean,Itanagar,105.0,3.605,38.39,1,catalogued_landslide
,28.9205,91.475782,2010,8,13.444,mm/day monthly mean,Itanagar,4557.0,2.721,48.232,0,background_no_record
2253.0,25.310061,94.482651,2010,8,4.905,mm/day monthly mean,Kohima,1000.0,1.887,54.327,1,catalogued_landslide
,26.715448,96.174906,2013,6,5.243,mm/day monthly mean,Kohima,1204.0,1.771,30.866,0,background_no_record
6146.0,27.059,88.4694,2014,7,5.992,mm/day monthly mean,Gangtok,1651.0,4.124,48.202,1,catalogued_landslide
,26.719464,90.662142,2016,7,18.564,mm/day monthly mean,Guwahati,842.0,3.285,41.866,0,background_no_record
,28.897613,95.725831,2015,8,16.256,mm/day monthly mean,Itanagar,2741.0,3.033,28.824,0,background_no_record
,23.805826,94.837535,2013,5,11.091,mm/day monthly mean,Imphal,532.0,1.112,17.406,0,background_no_record
,27.683499,96.054915,2007,9,11.856,mm/day monthly mean,Itanagar,167.0,3.515,14.347,0,background_no_record
5338.0,26.8727,94.9275,2013,8,12.931,mm/day monthly mean,Itanagar,123.0,3.299,10.785,1,catalogued_landslide
,29.336565,95.520259,2010,8,13.444,mm/day monthly mean,Itanagar,2741.0,3.033,75.721,0,background_no_record
4556.0,27.1675,88.3651,2012,9,5.529,mm/day monthly mean,Gangtok,1651.0,4.124,43.809,1,catalogued_landslide
,23.875012,96.988579,2010,3,4.307,mm/day monthly mean,Imphal,166.0,0.952,2.51,0,background_no_record
,24.432867,92.895274,2012,6,13.48,mm/day monthly mean,Aizawl,249.0,1.524,11.501,0,background_no_record
,26.814508,91.563869,2008,6,11.366,mm/day monthly mean,Guwahati,1155.0,2.829,45.625,0,background_no_record
,24.043929,92.545262,2016,7,14.138,mm/day monthly mean,Aizawl,580.0,1.042,50.762,0,background_no_record
,27.959453,97.487434,2011,5,8.738,mm/day monthly mean,Itanagar,2410.0,3.269,53.847,0,background_no_record
2570.0,24.837,93.9128,2010,10,5.701,mm/day monthly mean,Imphal,1000.0,1.887,29.58,1,catalogued_landslide
6331.0,25.9466,94.6279,2014,9,6.07,mm/day monthly mean,Kohima,2295.0,3.184,45.662,1,catalogued_landslide
7910.0,24.3481,94.1146,2015,8,8.21,mm/day monthly mean,Imphal,788.0,0.874,18.098,1,catalogued_landslide
,27.499868,90.964929,2015,6,11.463,mm/day monthly mean,Guwahati,2760.0,5.34,7.925,0,background_no_record
3789.0,27.2743,92.9064,2011,7,19.513,mm/day monthly mean,Itanagar,810.0,6.093,33.512,1,catalogued_landslide
4569.0,27.8385,88.556,2012,9,5.529,mm/day monthly mean,Gangtok,3787.0,4.841,53.314,1,catalogued_landslide
,26.693865,96.905944,2015,7,11.474,mm/day monthly mean,Kohima,2419.0,3.282,29.443,0,background_no_record
,26.727514,90.493833,2015,9,9.843,mm/day monthly mean,Guwahati,655.0,4.564,54.641,0,background_no_record
,23.915419,96.684419,2009,5,4.511,mm/day monthly mean,Imphal,166.0,0.952,32.782,0,background_no_record
,23.982677,88.938719,2015,7,21.964,mm/day monthly mean,Agartala,12.0,0.025,15.503,0,background_no_record
,22.947413,96.571036,2010,4,8.188,mm/day monthly mean,Imphal,819.0,1.07,54.359,0,background_no_record
9124.0,25.203,90.5573,2016,7,37.867,mm/day monthly mean,Shillong,7.0,1.28,46.268,1,catalogued_landslide
,24.535713,94.357433,2016,7,9.359,mm/day monthly mean,Imphal,788.0,0.874,36.831,0,background_no_record
7837.0,23.7269,92.7265,2015,8,13.468,mm/day monthly mean,Aizawl,580.0,1.042,31.261,1,catalogued_landslide
,23.547721,96.860436,2012,6,8.632,mm/day monthly mean,Imphal,166.0,0.952,37.005,0,background_no_record
7385.0,24.004,93.9815,2015,8,8.21,mm/day monthly mean,Imphal,1295.0,1.654,16.674,1,catalogued_landslide
78.0,27.3383,88.6069,2007,5,2.865,mm/day monthly mean,Gangtok,3787.0,4.841,46.2,1,catalogued_landslide
3637.0,25.516147,94.234123,2011,6,8.031,mm/day monthly mean,Kohima,1751.0,2.391,31.795,1,catalogued_landslide
4757.0,28.1193,95.1645,2013,2,0.305,mm/day monthly mean,Itanagar,660.0,5.203,17.57,1,catalogued_landslide
1611.0,25.1553,93.028,2010,4,8.188,mm/day monthly mean,Imphal,1036.0,1.488,7.685,1,catalogued_landslide
,29.48064,94.50881,2010,9,14.351,mm/day monthly mean,Itanagar,2204.0,2.953,89.464,0,background_no_record
4403.0,24.8142,93.5444,2012,6,8.632,mm/day monthly mean,Imphal,1000.0,1.887,55.29,1,catalogued_landslide
,29.002612,93.217281,2010,4,10.28,mm/day monthly mean,Itanagar,4375.0,4.276,30.902,0,background_no_record
2163.0,25.4196,94.1054,2010,7,8.907,mm/day monthly mean,Kohima,1751.0,2.391,33.872,1,catalogued_landslide
5575.0,25.8266,94.1497,2013,10,3.412,mm/day monthly mean,Kohima,1751.0,2.391,19.893,1,catalogued_landslide
1030.0,27.043571,88.265221,2009,5,6.673,mm/day monthly mean,Gangtok,1651.0,4.124,28.472,1,catalogued_landslide
,21.585821,89.590577,2016,6,9.116,mm/day monthly mean,Agartala,9.0,0.013,62.514,0,background_no_record
2539.0,28.3092,95.4149,2010,10,2.337,mm/day monthly mean,Itanagar,660.0,5.203,43.032,1,catalogued_landslide
,27.611387,95.492447,2015,8,16.256,mm/day monthly mean,Itanagar,105.0,3.605,48.817,0,background_no_record
,25.93882,91.209223,2012,6,20.722,mm/day monthly mean,Guwahati,829.0,1.198,33.039,0,background_no_record
2045.0,26.2363,94.8133,2010,7,8.907,mm/day monthly mean,Kohima,2265.0,3.183,21.171,1,catalogued_landslide
151.0,26.8905,88.2789,2007,8,4.986,mm/day monthly mean,Gangtok,1651.0,4.124,28.309,1,catalogued_landslide
,27.730007,94.668902,2014,5,13.092,mm/day monthly mean,Itanagar,105.0,3.605,37.474,0,background_no_record
,26.577033,91.618109,2015,8,12.859,mm/day monthly mean,Guwahati,51.0,1.609,47.1,0,background_no_record
594.0,24.9336,93.8275,2008,6,6.249,mm/day monthly mean,Imphal,1000.0,1.887,24.667,1,catalogued_landslide
,27.567378,97.334171,2015,2,0.714,mm/day monthly mean,Itanagar,1941.0,2.585,32.942,0,background_no_record
,27.054099,93.311166,2016,5,8.407,mm/day monthly mean,Itanagar,190.0,4.235,33.13,0,background_no_record
218.0,27.0096,88.2548,2007,8,4.986,mm/day monthly mean,Gangtok,1651.0,4.124,26.251,1,catalogued_landslide
1961.0,25.8833,91.2,2010,6,16.823,mm/day monthly mean,Guwahati,829.0,1.198,27.867,1,catalogued_landslide
7364.0,24.819,94.3551,2015,7,12.858,mm/day monthly mean,Imphal,1000.0,1.887,46.865,1,catalogued_landslide
587.0,27.2298,94.0989,2008,6,15.435,mm/day monthly mean,Itanagar,81.0,3.361,33.147,1,catalogued_landslide
,22.621993,93.040361,2014,10,3.066,mm/day monthly mean,Aizawl,1039.0,1.472,4.166,0,background_no_record
6967.0,27.0165,88.2476,2015,6,5.97,mm/day monthly mean,Gangtok,1651.0,4.124,25.791,1,catalogued_landslide
6285.0,26.159,91.8178,2014,9,13.389,mm/day monthly mean,Guwahati,51.0,1.609,26.061,1,catalogued_landslide
4407.0,25.0951,92.3567,2012,6,25.167,mm/day monthly mean,Shillong,15.0,1.488,35.923,1,catalogued_landslide
3741.0,25.4191,94.1079,2011,7,9.531,mm/day monthly mean,Kohima,1751.0,2.391,34.004,1,catalogued_landslide
7665.0,24.7016,93.5291,2015,8,8.21,mm/day monthly mean,Imphal,788.0,0.874,53.974,1,catalogued_landslide
,25.943694,95.520598,2010,4,7.11,mm/day monthly mean,Kohima,354.0,2.829,54.62,0,background_no_record
,27.689765,96.154565,2015,8,16.256,mm/day monthly mean,Itanagar,167.0,3.515,20.675,0,background_no_record
2743.0,27.579873,91.856724,2010,11,0.152,mm/day monthly mean,Guwahati,3096.0,4.235,14.232,1,catalogued_landslide
,28.919684,91.982073,2012,6,16.413,mm/day monthly mean,Itanagar,5262.0,2.268,13.422,0,background_no_record
5336.0,26.3897,94.9439,2013,8,8.951,mm/day monthly mean,Kohima,2265.0,3.183,8.936,1,catalogued_landslide
,21.89171,89.845352,2010,8,8.742,mm/day monthly mean,Agartala,9.0,0.013,19.985,0,background_no_record
,28.012163,89.169729,2015,9,4.567,mm/day monthly mean,Gangtok,5199.0,4.022,25.176,0,background_no_record
,23.216677,91.585286,2010,8,8.742,mm/day monthly mean,Agartala,170.0,1.266,42.431,0,background_no_record
,28.983051,92.176403,2010,8,13.444,mm/day monthly mean,Itanagar,5262.0,2.268,26.631,0,background_no_record
4859.0,26.1771,91.7599,2013,5,15.906,mm/day monthly mean,Guwahati,51.0,1.609,29.174,1,catalogued_landslide
6965.0,27.0257,88.4301,2015,6,5.97,mm/day monthly mean,Gangtok,1651.0,4.124,43.552,1,catalogued_landslide
2577.0,25.5265,93.8673,2010,10,4.221,mm/day monthly mean,Kohima,1751.0,2.391,24.266,1,catalogued_landslide
,21.8478,89.314984,2015,8,11.574,mm/day monthly mean,Agartala,6.0,0.004,36.635,0,background_no_record
,26.918299,87.796073,2015,3,1.061,mm/day monthly mean,Gangtok,1651.0,4.124,20.433,0,background_no_record
6291.0,25.7354,90.3852,2014,9,13.389,mm/day monthly mean,Guwahati,31.0,1.163,38.699,1,catalogued_landslide
,23.960281,93.484772,2015,9,9.021,mm/day monthly mean,Aizawl,580.0,1.042,50.651,0,background_no_record
,27.568156,94.69463,2008,10,3.06,mm/day monthly mean,Itanagar,105.0,3.605,30.104,0,background_no_record
4552.0,27.0377,88.3603,2012,9,5.529,mm/day monthly mean,Gangtok,1651.0,4.124,37.158,1,catalogued_landslide
,27.731971,88.845522,2014,6,5.572,mm/day monthly mean,Gangtok,3787.0,4.841,24.091,0,background_no_record
313.0,25.7055,94.0132,2007,10,2.635,mm/day monthly mean,Kohima,1751.0,2.391,1.379,1,catalogued_landslide
1054.0,26.8572,88.3143,2009,7,6.755,mm/day monthly mean,Gangtok,1651.0,4.124,32.66,1,catalogued_landslide
,22.385036,93.701493,2010,7,8.08,mm/day monthly mean,Aizawl,291.0,1.185,40.142,0,background_no_record
,28.898735,88.491131,2014,8,5.961,mm/day monthly mean,Gangtok,5021.0,0.911,49.077,0,background_no_record
7369.0,24.1988,94.1016,2015,8,8.21,mm/day monthly mean,Imphal,788.0,0.874,32.18,1,catalogued_landslide
7372.0,25.0634,94.3415,2015,7,12.858,mm/day monthly mean,Imphal,1000.0,1.887,34.53,1,catalogued_landslide
3997.0,27.5161,88.5575,2011,9,5.634,mm/day monthly mean,Gangtok,3787.0,4.841,43.952,1,catalogued_landslide
,24.489262,88.444667,2016,5,19.416,mm/day monthly mean,Agartala,29.0,0.025,45.036,0,background_no_record
,25.047314,89.772387,2013,7,6.835,mm/day monthly mean,Agartala,18.0,1.182,23.434,0,background_no_record
,21.746543,91.867174,2011,9,7.816,mm/day monthly mean,Aizawl,29.0,1.567,31.339,0,background_no_record
251.0,27.1667,88.35,2007,9,5.628,mm/day monthly mean,Gangtok,1651.0,4.124,42.532,1,catalogued_landslide
6288.0,26.1985,91.7998,2014,9,13.389,mm/day monthly mean,Guwahati,51.0,1.609,24.55,1,catalogued_landslide
1994.0,25.0633,92.8025,2010,6,21.761,mm/day monthly mean,Shillong,1036.0,1.488,20.128,1,catalogued_landslide
,27.73582,93.924833,2013,8,12.931,mm/day monthly mean,Itanagar,2387.0,3.361,20.49,0,background_no_record
7374.0,25.1122,94.3591,2015,8,8.21,mm/day monthly mean,Imphal,1000.0,1.887,36.236,1,catalogued_landslide
,27.744649,95.912037,2015,6,21.278,mm/day monthly mean,Itanagar,167.0,3.515,21.876,0,background_no_record
7389.0,24.4072,94.0644,2015,8,8.21,mm/day monthly mean,Imphal,788.0,0.874,9.8,1,catalogued_landslide
1109.0,25.5215,93.1645,2009,8,7.986,mm/day monthly mean,Kohima,133.0,2.358,26.584,1,catalogued_landslide
7214.0,27.36,93.0385,2015,7,9.851,mm/day monthly mean,Itanagar,810.0,6.093,23.0,1,catalogued_landslide
,22.760893,88.977834,2010,8,8.742,mm/day monthly mean,Agartala,4.0,0.028,16.051,0,background_no_record
2573.0,25.1796,93.0083,2010,10,5.701,mm/day monthly mean,Imphal,1036.0,1.488,9.887,1,catalogued_landslide
5250.0,27.8837,93.0515,2013,8,12.931,mm/day monthly mean,Itanagar,3706.0,4.22,33.552,1,catalogued_landslide
6293.0,25.5006,90.0896,2014,10,1.916,mm/day monthly mean,Guwahati,31.0,1.163,24.854,1,catalogued_landslide
,29.333797,91.271447,2010,8,13.444,mm/day monthly mean,Itanagar,4557.0,2.721,64.954,0,background_no_record
,24.923226,93.609875,2016,10,3.013,mm/day monthly mean,Imphal,1000.0,1.887,43.515,0,background_no_record
,26.148489,90.968698,2007,8,6.483,mm/day monthly mean,Guwahati,49.0,1.612,20.094,0,background_no_record
,24.660058,94.325816,2010,9,6.467,mm/day monthly mean,Imphal,788.0,0.874,38.965,0,background_no_record
,24.980776,97.423756,2015,7,11.474,mm/day monthly mean,Kohima,191.0,2.199,44.417,0,background_no_record
731.0,26.138,94.25,2008,8,8.144,mm/day monthly mean,Kohima,110.0,3.184,32.611,1,catalogued_landslide
,25.788544,92.642229,2011,9,11.06,mm/day monthly mean,Shillong,133.0,2.358,36.908,0,background_no_record
,28.2486,96.526531,2013,6,10.272,mm/day monthly mean,Itanagar,2410.0,3.269,46.979,0,background_no_record
,26.191561,92.4329,2016,7,18.564,mm/day monthly mean,Guwahati,51.0,1.609,45.72,0,background_no_record
5005.0,26.72,95.029,2013,7,14.215,mm/day monthly mean,Itanagar,123.0,3.299,25.184,1,catalogued_landslide
,21.878992,88.882054,2009,8,11.286,mm/day monthly mean,Agartala,6.0,0.004,18.14,0,background_no_record
,22.920053,90.888556,2009,8,11.286,mm/day monthly mean,Agartala,3.0,0.243,35.477,0,background_no_record
,22.914182,96.066143,2016,7,9.359,mm/day monthly mean,Imphal,119.0,1.02,33.625,0,background_no_record
,27.542641,91.83779,2012,3,0.612,mm/day monthly mean,Guwahati,3096.0,4.235,16.167,0,background_no_record
,28.994505,89.909706,2010,6,5.242,mm/day monthly mean,Gangtok,4959.0,2.135,23.346,0,background_no_record
1037.0,26.89,88.47,2009,6,1.793,mm/day monthly mean,Gangtok,1651.0,4.124,46.999,1,catalogued_landslide
,25.14621,89.523634,2010,7,5.509,mm/day monthly mean,Agartala,18.0,1.182,48.352,0,background_no_record
,28.167668,88.019619,2010,9,6.419,mm/day monthly mean,Gangtok,4396.0,1.17,2.498,0,background_no_record
,27.515705,92.908566,2010,10,2.337,mm/day monthly mean,Itanagar,810.0,6.093,10.493,0,background_no_record
7590.0,25.1416,92.3807,2015,8,17.685,mm/day monthly mean,Shillong,15.0,1.488,38.74,1,catalogued_landslide
7031.0,27.6163,88.6586,2015,5,2.797,mm/day monthly mean,Gangtok,3787.0,4.841,34.144,1,catalogued_landslide
1090.0,26.9599,88.268,2009,8,7.782,mm/day monthly mean,Gangtok,1651.0,4.124,26.615,1,catalogued_landslide
,25.956257,95.338982,2011,5,7.372,mm/day monthly mean,Kohima,2295.0,3.184,43.668,0,background_no_record
1935.0,23.8986,91.7599,2010,6,15.652,mm/day monthly mean,Agartala,81.0,1.28,24.89,1,catalogued_landslide
2426.0,22.7176,92.8416,2010,9,6.911,mm/day monthly mean,Aizawl,1039.0,1.472,19.667,1,catalogued_landslide
5476.0,27.3736,88.7323,2013,9,3.464,mm/day monthly mean,Gangtok,3787.0,4.841,33.849,1,catalogued_landslide
1986.0,26.3335,94.5512,2010,6,10.485,mm/day monthly mean,Kohima,2265.0,3.183,44.733,1,catalogued_landslide
,21.532061,87.665798,2010,6,15.652,mm/day monthly mean,Agartala,5.0,0.001,62.438,0,background_no_record
2263.0,26.2753,94.6654,2010,8,4.905,mm/day monthly mean,Kohima,2265.0,3.183,33.846,1,catalogued_landslide
,28.110335,96.461608,2010,6,19.88,mm/day monthly mean,Itanagar,2579.0,3.605,45.955,0,background_no_record
692.0,25.705,94.04,2008,8,8.144,mm/day monthly mean,Kohima,1751.0,2.391,4.032,1,catalogued_landslide
,21.984228,94.481897,2007,9,9.344,mm/day monthly mean,Aizawl,388.0,1.043,49.716,0,background_no_record
9619.0,27.1695,88.3664,2016,10,2.604,mm/day monthly mean,Gangtok,1651.0,4.124,44.041,1,catalogued_landslide
,25.453133,88.658567,2015,8,8.47,mm/day monthly mean,Gangtok,38.0,0.032,44.521,0,background_no_record
3881.0,27.1034,93.6885,2011,8,10.278,mm/day monthly mean,Itanagar,81.0,3.361,35.529,1,catalogued_landslide
,21.944543,90.306114,2008,8,8.99,mm/day monthly mean,Agartala,9.0,0.013,32.163,0,background_no_record
2282.0,26.1984,94.8158,2010,8,4.905,mm/day monthly mean,Kohima,2265.0,3.183,23.278,1,catalogued_landslide
7384.0,23.9278,94.0906,2015,8,8.21,mm/day monthly mean,Imphal,1295.0,1.654,12.263,1,catalogued_landslide
256.0,27.3425,88.6236,2007,9,5.628,mm/day monthly mean,Gangtok,3787.0,4.841,44.565,1,catalogued_landslide
,23.84875,94.119165,2015,6,8.289,mm/day monthly mean,Imphal,1295.0,1.654,12.139,0,background_no_record
274.0,27.0875,88.4572,2007,9,5.628,mm/day monthly mean,Gangtok,1651.0,4.124,47.982,1,catalogued_landslide
6110.0,26.1619,91.7697,2014,6,12.959,mm/day monthly mean,Guwahati,51.0,1.609,29.404,1,catalogued_landslide
,23.912097,93.802826,2011,6,8.932,mm/day monthly mean,Imphal,1295.0,1.654,21.029,0,background_no_record
9186.0,25.48,94.1383,2016,7,10.073,mm/day monthly mean,Kohima,1751.0,2.391,28.996,1,catalogued_landslide
,23.771268,95.868966,2007,8,3.464,mm/day monthly mean,Imphal,140.0,0.99,16.26,0,background_no_record
1993.0,26.8073,88.3162,2010,6,5.242,mm/day monthly mean,Gangtok,1651.0,4.124,34.9,1,catalogued_landslide
,23.032824,87.748231,2010,7,5.509,mm/day monthly mean,Agartala,23.0,0.028,34.252,0,background_no_record
1995.0,27.0765,88.4808,2010,6,5.242,mm/day monthly mean,Gangtok,1651.0,4.124,49.825,1,catalogued_landslide
6016.0,24.8669,92.3576,2014,5,10.883,mm/day monthly mean,Shillong,15.0,1.488,43.819,1,catalogued_landslide
4436.0,26.9986,95.4993,2012,6,16.413,mm/day monthly mean,Itanagar,123.0,3.299,49.838,1,catalogued_landslide
,27.458097,97.175097,2008,6,15.435,mm/day monthly mean,Itanagar,1941.0,2.585,20.901,0,background_no_record
2249.0,26.0814,94.803,2010,8,4.905,mm/day monthly mean,Kohima,2265.0,3.183,33.647,1,catalogued_landslide
